Source,Date,Mean,shifted,normalized
GCAG,1880-01,0.0009,0.6805,0.324896993
GCAG,1880-02,-0.1229,0.5567,0.265790089
GCAG,1880-03,-0.1357,0.5439,0.259678875
GCAG,1880-04,-0.0499,0.6297,0.30064311
GCAG,1880-05,-0.0738,0.6058,0.289232326
GCAG,1880-06,-0.1692,0.5104,0.24368468
GCAG,1880-07,-0.1491,0.5305,0.253281197
GCAG,1880-08,-0.0725,0.6071,0.289852997
GCAG,1880-09,-0.0817,0.5979,0.285460561
GCAG,1880-10,-0.1786,0.501,0.239196757
GCAG,1880-11,-0.2672,0.4124,0.196895694
GCAG,1880-12,-0.0775,0.6021,0.287465803
GCAG,1881-01,-0.0205,0.6591,0.314679806
GCAG,1881-02,-0.0296,0.65,0.310335114
GCAG,1881-03,0.0348,0.7144,0.341082162
GCAG,1881-04,0.0734,0.753,0.359511294
GCAG,1881-05,0.0284,0.708,0.338026555
GCAG,1881-06,-0.0892,0.5904,0.281879771
GCAG,1881-07,-0.0329,0.6467,0.308759567
GCAG,1881-08,-0.0519,0.6277,0.299688233
GCAG,1881-09,-0.1824,0.4972,0.23738249
GCAG,1881-10,-0.2207,0.4589,0.219096591
GCAG,1881-11,-0.2194,0.4602,0.219717261
GCAG,1881-12,-0.0439,0.6357,0.303507742
GCAG,1882-01,0.0883,0.7679,0.36662513
GCAG,1882-02,0.0385,0.7181,0.342848685
GCAG,1882-03,0.0754,0.755,0.360466171
GCAG,1882-04,-0.1241,0.5555,0.265217163
GCAG,1882-05,-0.1459,0.5337,0.254809001
GCAG,1882-06,-0.1391,0.5405,0.258055583
GCAG,1882-07,-0.0666,0.613,0.292669885
GCAG,1882-08,-0.0037,0.6759,0.322700775
GCAG,1882-09,0.0077,0.6873,0.328143575
GCAG,1882-10,-0.2101,0.4695,0.22415744
GCAG,1882-11,-0.1279,0.5517,0.263402896
GCAG,1882-12,-0.1705,0.5091,0.24306401
GCAG,1883-01,-0.2707,0.4089,0.195224659
GCAG,1883-02,-0.2915,0.3881,0.185293935
GCAG,1883-03,-0.1326,0.547,0.261158935
GCAG,1883-04,-0.1746,0.505,0.241106512
GCAG,1883-05,-0.1455,0.5341,0.254999976
GCAG,1883-06,-0.0066,0.673,0.321316203
GCAG,1883-07,-0.0849,0.5947,0.283932758
GCAG,1883-08,-0.0526,0.627,0.299354026
GCAG,1883-09,-0.1467,0.5329,0.25442705
GCAG,1883-10,-0.1612,0.5184,0.24750419
GCAG,1883-11,-0.1683,0.5113,0.244114375
GCAG,1883-12,-0.0738,0.6058,0.289232326
GCAG,1884-01,-0.1843,0.4953,0.236475357
GCAG,1884-02,-0.143,0.5366,0.256193573
GCAG,1884-03,-0.2061,0.4735,0.226067195
GCAG,1884-04,-0.1809,0.4987,0.238098648
GCAG,1884-05,-0.1282,0.5514,0.263259665
GCAG,1884-06,-0.1939,0.4857,0.231891946
GCAG,1884-07,-0.2985,0.3811,0.181951865
GCAG,1884-08,-0.2698,0.4098,0.195654354
GCAG,1884-09,-0.2238,0.4558,0.217616531
GCAG,1884-10,-0.1695,0.5101,0.243541449
GCAG,1884-11,-0.2692,0.4104,0.195940817
GCAG,1884-12,-0.144,0.5356,0.255716134
GCAG,1885-01,-0.4267,0.2529,0.120744231
GCAG,1885-02,-0.2558,0.4238,0.202338494
GCAG,1885-03,-0.1473,0.5323,0.254140587
GCAG,1885-04,-0.2564,0.4232,0.202052031
GCAG,1885-05,-0.2787,0.4009,0.19140515
GCAG,1885-06,-0.3052,0.3744,0.178753026
GCAG,1885-07,-0.2375,0.4421,0.211075622
GCAG,1885-08,-0.2407,0.4389,0.209547818
GCAG,1885-09,-0.1963,0.4833,0.230746093
GCAG,1885-10,-0.1289,0.5507,0.262925458
GCAG,1885-11,-0.1262,0.5534,0.264214542
GCAG,1885-12,0.05,0.7296,0.34833923
GCAG,1886-01,-0.1143,0.5653,0.269896062
GCAG,1886-02,-0.2795,0.4001,0.191023199
GCAG,1886-03,-0.2823,0.3973,0.189686371
GCAG,1886-04,-0.1679,0.5117,0.244305351
GCAG,1886-05,-0.1573,0.5223,0.2493662
GCAG,1886-06,-0.2468,0.4328,0.206635442
GCAG,1886-07,-0.1599,0.5197,0.24812486
GCAG,1886-08,-0.2146,0.465,0.222008966
GCAG,1886-09,-0.1969,0.4827,0.23045963
GCAG,1886-10,-0.2261,0.4535,0.216518422
GCAG,1886-11,-0.1952,0.4844,0.231271276
GCAG,1886-12,-0.163,0.5166,0.2466448
GCAG,1887-01,-0.3792,0.3004,0.143422567
GCAG,1887-02,-0.3745,0.3051,0.145666528
GCAG,1887-03,-0.1655,0.5141,0.245451203
GCAG,1887-04,-0.1899,0.4897,0.233801701
GCAG,1887-05,-0.239,0.4406,0.210359464
GCAG,1887-06,-0.2149,0.4647,0.221865735
GCAG,1887-07,-0.2707,0.4089,0.195224659
GCAG,1887-08,-0.3148,0.3648,0.174169615
GCAG,1887-09,-0.1827,0.4969,0.237239259
GCAG,1887-10,-0.2995,0.3801,0.181474426
GCAG,1887-11,-0.1572,0.5224,0.249413944
GCAG,1887-12,-0.1988,0.4808,0.229552497
GCAG,1888-01,-0.3871,0.2925,0.139650801
GCAG,1888-02,-0.3288,0.3508,0.167485474
GCAG,1888-03,-0.2974,0.3822,0.182477047
GCAG,1888-04,-0.1761,0.5035,0.240390354
GCAG,1888-05,-0.1561,0.5235,0.249939127
GCAG,1888-06,-0.0943,0.5853,0.279444834
GCAG,1888-07,-0.1149,0.5647,0.269609598
GCAG,1888-08,-0.1633,0.5163,0.246501568
GCAG,1888-09,-0.069,0.6106,0.291524032
GCAG,1888-10,0.019,0.6986,0.333538632
GCAG,1888-11,-0.0418,0.6378,0.304510363
GCAG,1888-12,0.0445,0.7241,0.345713317
GCAG,1889-01,-0.0944,0.5852,0.27939709
GCAG,1889-02,0.0152,0.6948,0.331724365
GCAG,1889-03,0.1207,0.8003,0.382094141
GCAG,1889-04,0.0496,0.7292,0.348148254
GCAG,1889-05,-0.0326,0.647,0.308902798
GCAG,1889-06,-0.0698,0.6098,0.291142081
GCAG,1889-07,-0.1604,0.5192,0.24788614
GCAG,1889-08,-0.137,0.5426,0.259058205
GCAG,1889-09,-0.2264,0.4532,0.21637519
GCAG,1889-10,-0.1913,0.4883,0.233133287
GCAG,1889-11,-0.2769,0.4027,0.192264539
GCAG,1889-12,-0.175,0.5046,0.240915536
GCAG,1890-01,-0.3594,0.3202,0.152875852
GCAG,1890-02,-0.4268,0.2528,0.120696487
GCAG,1890-03,-0.3189,0.3607,0.172212116
GCAG,1890-04,-0.2588,0.4208,0.200906179
GCAG,1890-05,-0.3892,0.2904,0.13864818
GCAG,1890-06,-0.2875,0.3921,0.18720369
GCAG,1890-07,-0.2802,0.3994,0.190688992
GCAG,1890-08,-0.3257,0.3539,0.168965534
GCAG,1890-09,-0.3508,0.3288,0.156981824
GCAG,1890-10,-0.2941,0.3855,0.184052595
GCAG,1890-11,-0.3419,0.3377,0.161231028
GCAG,1890-12,-0.2302,0.4494,0.214560924
GCAG,1891-01,-0.3772,0.3024,0.144377444
GCAG,1891-02,-0.5228,0.1568,0.074862378
GCAG,1891-03,-0.212,0.4676,0.223250307
GCAG,1891-04,-0.2523,0.4273,0.20400953
GCAG,1891-05,-0.1374,0.5422,0.258867229
GCAG,1891-06,-0.2023,0.4773,0.227881462
GCAG,1891-07,-0.2264,0.4532,0.21637519
GCAG,1891-08,-0.2313,0.4483,0.214035741
GCAG,1891-09,-0.1514,0.5282,0.252183088
GCAG,1891-10,-0.2861,0.3935,0.187872104
GCAG,1891-11,-0.3968,0.2828,0.135019647
GCAG,1891-12,-0.0421,0.6375,0.304367131
GCAG,1892-01,-0.2372,0.4424,0.211218853
GCAG,1892-02,-0.1353,0.5443,0.25986985
GCAG,1892-03,-0.3032,0.3764,0.179707903
GCAG,1892-04,-0.3203,0.3593,0.171543702
GCAG,1892-05,-0.3081,0.3715,0.177368454
GCAG,1892-06,-0.2831,0.3965,0.18930442
GCAG,1892-07,-0.3497,0.3299,0.157507006
GCAG,1892-08,-0.3279,0.3517,0.167915169
GCAG,1892-09,-0.2198,0.4598,0.219526285
GCAG,1892-10,-0.2464,0.4332,0.206826418
GCAG,1892-11,-0.4728,0.2068,0.09873431
GCAG,1892-12,-0.4708,0.2088,0.099689187
GCAG,1893-01,-0.6796,0,0
GCAG,1893-02,-0.6107,0.0689,0.032895522
GCAG,1893-03,-0.2218,0.4578,0.218571408
GCAG,1893-04,-0.35,0.3296,0.157363775
GCAG,1893-05,-0.3421,0.3375,0.16113554
GCAG,1893-06,-0.2405,0.4391,0.209643306
GCAG,1893-07,-0.2018,0.4778,0.228120181
GCAG,1893-08,-0.3281,0.3515,0.167819681
GCAG,1893-09,-0.2587,0.4209,0.200953922
GCAG,1893-10,-0.2099,0.4697,0.224252928
GCAG,1893-11,-0.1657,0.5139,0.245355716
GCAG,1893-12,-0.2452,0.4344,0.207399344
GCAG,1894-01,-0.436,0.2436,0.116304052
GCAG,1894-02,-0.2215,0.4581,0.21871464
GCAG,1894-03,-0.2064,0.4732,0.225923963
GCAG,1894-04,-0.3023,0.3773,0.180137598
GCAG,1894-05,-0.3018,0.3778,0.180376317
GCAG,1894-06,-0.3487,0.3309,0.157984445
GCAG,1894-07,-0.2738,0.4058,0.193744599
GCAG,1894-08,-0.2735,0.4061,0.193887831
GCAG,1894-09,-0.2531,0.4265,0.203627579
GCAG,1894-10,-0.2135,0.4661,0.222534149
GCAG,1894-11,-0.2979,0.3817,0.182238328
GCAG,1894-12,-0.2412,0.4384,0.209309099
GCAG,1895-01,-0.4389,0.2407,0.11491948
GCAG,1895-02,-0.4136,0.266,0.126998677
GCAG,1895-03,-0.2879,0.3917,0.187012714
GCAG,1895-04,-0.1868,0.4928,0.23528176
GCAG,1895-05,-0.2076,0.472,0.225351037
GCAG,1895-06,-0.2938,0.3858,0.184195826
GCAG,1895-07,-0.201,0.4786,0.228502132
GCAG,1895-08,-0.2243,0.4553,0.217377812
GCAG,1895-09,-0.1329,0.5467,0.261015703
GCAG,1895-10,-0.1317,0.5479,0.261588629
GCAG,1895-11,-0.1602,0.5194,0.247981628
GCAG,1895-12,-0.069,0.6106,0.291524032
GCAG,1896-01,-0.1056,0.574,0.274049778
GCAG,1896-02,-0.0789,0.6007,0.286797389
GCAG,1896-03,-0.2079,0.4717,0.225207805
GCAG,1896-04,-0.266,0.4136,0.19746862
GCAG,1896-05,-0.1042,0.5754,0.274718192
GCAG,1896-06,-0.0925,0.5871,0.280304224
GCAG,1896-07,-0.0509,0.6287,0.300165671
GCAG,1896-08,-0.0723,0.6073,0.289948484
GCAG,1896-09,-0.0679,0.6117,0.292049214
GCAG,1896-10,-0.0056,0.674,0.321793641
GCAG,1896-11,-0.1659,0.5137,0.245260228
GCAG,1896-12,0.049,0.7286,0.347861791
GCAG,1897-01,-0.1857,0.4939,0.235806943
GCAG,1897-02,-0.1086,0.571,0.272617462
GCAG,1897-03,-0.1863,0.4933,0.23552048
GCAG,1897-04,-0.0032,0.6764,0.322939494
GCAG,1897-05,-0.0256,0.654,0.312244869
GCAG,1897-06,-0.1,0.5796,0.276723434
GCAG,1897-07,-0.0401,0.6395,0.305322008
GCAG,1897-08,-0.0735,0.6061,0.289375558
GCAG,1897-09,-0.0247,0.6549,0.312674564
GCAG,1897-10,-0.1608,0.5188,0.247695165
GCAG,1897-11,-0.2619,0.4177,0.199426119
GCAG,1897-12,-0.2989,0.3807,0.181760889
GCAG,1898-01,-0.0399,0.6397,0.305417496
GCAG,1898-02,-0.2785,0.4011,0.191500637
GCAG,1898-03,-0.6515,0.0281,0.013416026
GCAG,1898-04,-0.3467,0.3329,0.158939322
GCAG,1898-05,-0.2887,0.3909,0.186630763
GCAG,1898-06,-0.2078,0.4718,0.225255549
GCAG,1898-07,-0.2426,0.437,0.208640684
GCAG,1898-08,-0.2306,0.449,0.214369948
GCAG,1898-09,-0.1968,0.4828,0.230507374
GCAG,1898-10,-0.3234,0.3562,0.170063643
GCAG,1898-11,-0.2417,0.4379,0.209070379
GCAG,1898-12,-0.0073,0.6723,0.320981996
GCAG,1899-01,-0.1005,0.5791,0.276484715
GCAG,1899-02,-0.2787,0.4009,0.19140515
GCAG,1899-03,-0.2549,0.4247,0.202768189
GCAG,1899-04,-0.1946,0.485,0.231557739
GCAG,1899-05,-0.1203,0.5593,0.26703143
GCAG,1899-06,-0.1977,0.4819,0.230077679
GCAG,1899-07,-0.1259,0.5537,0.264357773
GCAG,1899-08,-0.0664,0.6132,0.292765372
GCAG,1899-09,-0.0307,0.6489,0.309809932
GCAG,1899-10,-0.0241,0.6555,0.312961027
GCAG,1899-11,0.1523,0.8319,0.397181202
GCAG,1899-12,-0.1656,0.514,0.24540346
GCAG,1900-01,-0.2404,0.4392,0.209691049
GCAG,1900-02,-0.0934,0.5862,0.279874529
GCAG,1900-03,-0.0402,0.6394,0.305274265
GCAG,1900-04,-0.0985,0.5811,0.277439592
GCAG,1900-05,-0.0371,0.6425,0.306754324
GCAG,1900-06,-0.045,0.6346,0.302982559
GCAG,1900-07,-0.0728,0.6068,0.289709765
GCAG,1900-08,-0.0708,0.6088,0.290664642
GCAG,1900-09,-0.06,0.6196,0.29582098
GCAG,1900-10,0.0464,0.726,0.346620451
GCAG,1900-11,-0.1345,0.5451,0.260251801
GCAG,1900-12,0.032,0.7116,0.339745334
GCAG,1901-01,-0.1259,0.5537,0.264357773
GCAG,1901-02,-0.0741,0.6055,0.289089095
GCAG,1901-03,-0.0327,0.6469,0.308855054
GCAG,1901-04,-0.0646,0.615,0.293624762
GCAG,1901-05,-0.1248,0.5548,0.264882956
GCAG,1901-06,-0.1273,0.5523,0.263689359
GCAG,1901-07,-0.1563,0.5233,0.249843639
GCAG,1901-08,-0.1299,0.5497,0.262448019
GCAG,1901-09,-0.2059,0.4737,0.226162682
GCAG,1901-10,-0.2786,0.401,0.191452894
GCAG,1901-11,-0.1425,0.5371,0.256432292
GCAG,1901-12,-0.2372,0.4424,0.211218853
GCAG,1902-01,-0.0856,0.594,0.28359855
GCAG,1902-02,-0.0409,0.6387,0.304940058
GCAG,1902-03,-0.1954,0.4842,0.231175788
GCAG,1902-04,-0.2697,0.4099,0.195702097
GCAG,1902-05,-0.2616,0.418,0.19956935
GCAG,1902-06,-0.3324,0.3472,0.165766695
GCAG,1902-07,-0.2902,0.3894,0.185914605
GCAG,1902-08,-0.2643,0.4153,0.198280266
GCAG,1902-09,-0.2315,0.4481,0.213940253
GCAG,1902-10,-0.2821,0.3975,0.189781858
GCAG,1902-11,-0.343,0.3366,0.160705845
GCAG,1902-12,-0.3592,0.3204,0.152971339
GCAG,1903-01,-0.2101,0.4695,0.22415744
GCAG,1903-02,-0.08,0.5996,0.286272207
GCAG,1903-03,-0.2755,0.4041,0.192932953
GCAG,1903-04,-0.354,0.3256,0.15545402
GCAG,1903-05,-0.3912,0.2884,0.137693303
GCAG,1903-06,-0.3759,0.3037,0.144998114
GCAG,1903-07,-0.334,0.3456,0.165002793
GCAG,1903-08,-0.4296,0.25,0.119359659
GCAG,1903-09,-0.3756,0.304,0.145141346
GCAG,1903-10,-0.4357,0.2439,0.116447284
GCAG,1903-11,-0.395,0.2846,0.135879036
GCAG,1903-12,-0.3861,0.2935,0.14012824
GCAG,1904-01,-0.5416,0.138,0.065886532
GCAG,1904-02,-0.467,0.2126,0.101503454
GCAG,1904-03,-0.5129,0.1667,0.079589021
GCAG,1904-04,-0.4717,0.2079,0.099259493
GCAG,1904-05,-0.4282,0.2514,0.120028073
GCAG,1904-06,-0.4403,0.2393,0.114251066
GCAG,1904-07,-0.4597,0.2199,0.104988756
GCAG,1904-08,-0.4314,0.2482,0.11850027
GCAG,1904-09,-0.4632,0.2164,0.103317721
GCAG,1904-10,-0.4066,0.273,0.130340748
GCAG,1904-11,-0.1686,0.511,0.243971144
GCAG,1904-12,-0.2414,0.4382,0.209213611
GCAG,1905-01,-0.354,0.3256,0.15545402
GCAG,1905-02,-0.6187,0.0609,0.029076013
GCAG,1905-03,-0.394,0.2856,0.136356475
GCAG,1905-04,-0.4481,0.2315,0.110527045
GCAG,1905-05,-0.2879,0.3917,0.187012714
GCAG,1905-06,-0.2503,0.4293,0.204964407
GCAG,1905-07,-0.1918,0.4878,0.232894567
GCAG,1905-08,-0.2275,0.4521,0.215850008
GCAG,1905-09,-0.2239,0.4557,0.217568787
GCAG,1905-10,-0.296,0.3836,0.183145461
GCAG,1905-11,-0.0916,0.588,0.280733919
GCAG,1905-12,-0.1334,0.5462,0.260776984
GCAG,1906-01,-0.1755,0.5041,0.240676817
GCAG,1906-02,-0.2379,0.4417,0.210884646
GCAG,1906-03,-0.1484,0.5312,0.253615404
GCAG,1906-04,-0.0514,0.6282,0.299926952
GCAG,1906-05,-0.2166,0.463,0.221054089
GCAG,1906-06,-0.1768,0.5028,0.240056147
GCAG,1906-07,-0.2467,0.4329,0.206683186
GCAG,1906-08,-0.2362,0.4434,0.211696292
GCAG,1906-09,-0.3053,0.3743,0.178705282
GCAG,1906-10,-0.2809,0.3987,0.190354785
GCAG,1906-11,-0.3676,0.312,0.148960855
GCAG,1906-12,-0.165,0.5146,0.245689923
GCAG,1907-01,-0.3443,0.3353,0.160085175
GCAG,1907-02,-0.4038,0.2758,0.131677576
GCAG,1907-03,-0.276,0.4036,0.192694234
GCAG,1907-04,-0.3508,0.3288,0.156981824
GCAG,1907-05,-0.4669,0.2127,0.101551198
GCAG,1907-06,-0.3742,0.3054,0.14580976
GCAG,1907-07,-0.3547,0.3249,0.155119813
GCAG,1907-08,-0.3378,0.3418,0.163188526
GCAG,1907-09,-0.3364,0.3432,0.16385694
GCAG,1907-10,-0.3047,0.3749,0.178991745
GCAG,1907-11,-0.5055,0.1741,0.083122067
GCAG,1907-12,-0.3922,0.2874,0.137215864
GCAG,1908-01,-0.36,0.3196,0.152589388
GCAG,1908-02,-0.3753,0.3043,0.145284577
GCAG,1908-03,-0.6041,0.0755,0.036046617
GCAG,1908-04,-0.4832,0.1964,0.093768948
GCAG,1908-05,-0.3982,0.2814,0.134351233
GCAG,1908-06,-0.4062,0.2734,0.130531723
GCAG,1908-07,-0.3874,0.2922,0.13950757
GCAG,1908-08,-0.4787,0.2009,0.095917422
GCAG,1908-09,-0.3973,0.2823,0.134780927
GCAG,1908-10,-0.5169,0.1627,0.077679266
GCAG,1908-11,-0.4833,0.1963,0.093721204
GCAG,1908-12,-0.3846,0.295,0.140844398
GCAG,1909-01,-0.5499,0.1297,0.061923791
GCAG,1909-02,-0.4563,0.2233,0.106612048
GCAG,1909-03,-0.5399,0.1397,0.066698178
GCAG,1909-04,-0.5264,0.1532,0.073143599
GCAG,1909-05,-0.4512,0.2284,0.109046985
GCAG,1909-06,-0.4145,0.2651,0.126568983
GCAG,1909-07,-0.435,0.2446,0.116781491
GCAG,1909-08,-0.3052,0.3744,0.178753026
GCAG,1909-09,-0.3611,0.3185,0.152064206
GCAG,1909-10,-0.3935,0.2861,0.136595194
GCAG,1909-11,-0.2733,0.4063,0.193983318
GCAG,1909-12,-0.4071,0.2725,0.130102029
GCAG,1910-01,-0.3035,0.3761,0.179564671
GCAG,1910-02,-0.3627,0.3169,0.151300304
GCAG,1910-03,-0.4202,0.2594,0.123847582
GCAG,1910-04,-0.339,0.3406,0.1626156
GCAG,1910-05,-0.2999,0.3797,0.181283451
GCAG,1910-06,-0.3525,0.3271,0.156170178
GCAG,1910-07,-0.3264,0.3532,0.168631327
GCAG,1910-08,-0.3325,0.3471,0.165718951
GCAG,1910-09,-0.3322,0.3474,0.165862183
GCAG,1910-10,-0.4199,0.2597,0.123990814
GCAG,1910-11,-0.4956,0.184,0.087848709
GCAG,1910-12,-0.5626,0.117,0.055860321
GCAG,1911-01,-0.5067,0.1729,0.08254914
GCAG,1911-02,-0.5265,0.1531,0.073095855
GCAG,1911-03,-0.5697,0.1099,0.052470506
GCAG,1911-04,-0.5099,0.1697,0.081021337
GCAG,1911-05,-0.4775,0.2021,0.096490349
GCAG,1911-06,-0.4443,0.2353,0.112341311
GCAG,1911-07,-0.4658,0.2138,0.102076381
GCAG,1911-08,-0.4541,0.2255,0.107662413
GCAG,1911-09,-0.3983,0.2813,0.134303489
GCAG,1911-10,-0.3433,0.3363,0.160562614
GCAG,1911-11,-0.2571,0.4225,0.201717824
GCAG,1911-12,-0.2456,0.434,0.207208369
GCAG,1912-01,-0.2791,0.4005,0.191214174
GCAG,1912-02,-0.1091,0.5705,0.272378743
GCAG,1912-03,-0.3123,0.3673,0.175363211
GCAG,1912-04,-0.2027,0.4769,0.227690486
GCAG,1912-05,-0.2257,0.4539,0.216709397
GCAG,1912-06,-0.26,0.4196,0.200333252
GCAG,1912-07,-0.314,0.3656,0.174551566
GCAG,1912-08,-0.4516,0.228,0.108856009
GCAG,1912-09,-0.5056,0.174,0.083074323
GCAG,1912-10,-0.5185,0.1611,0.076915364
GCAG,1912-11,-0.4122,0.2674,0.127667092
GCAG,1912-12,-0.3553,0.3243,0.15483335
GCAG,1913-01,-0.3513,0.3283,0.156743105
GCAG,1913-02,-0.3899,0.2897,0.138313973
GCAG,1913-03,-0.4077,0.2719,0.129815565
GCAG,1913-04,-0.3506,0.329,0.157077312
GCAG,1913-05,-0.394,0.2856,0.136356475
GCAG,1913-06,-0.3779,0.3017,0.144043237
GCAG,1913-07,-0.3534,0.3262,0.155740483
GCAG,1913-08,-0.328,0.3516,0.167867425
GCAG,1913-09,-0.3562,0.3234,0.154403655
GCAG,1913-10,-0.3112,0.3684,0.175888394
GCAG,1913-11,-0.1371,0.5425,0.259010461
GCAG,1913-12,-0.0374,0.6422,0.306611093
GCAG,1914-01,0.0961,0.7757,0.370349151
GCAG,1914-02,-0.1203,0.5593,0.26703143
GCAG,1914-03,-0.1633,0.5163,0.246501568
GCAG,1914-04,-0.2481,0.4315,0.206014772
GCAG,1914-05,-0.1647,0.5149,0.245833154
GCAG,1914-06,-0.1963,0.4833,0.230746093
GCAG,1914-07,-0.2095,0.4701,0.224443903
GCAG,1914-08,-0.1757,0.5039,0.240581329
GCAG,1914-09,-0.1781,0.5015,0.239435477
GCAG,1914-10,-0.0938,0.5858,0.279683554
GCAG,1914-11,-0.1202,0.5594,0.267079174
GCAG,1914-12,-0.0998,0.5798,0.276818922
GCAG,1915-01,-0.1374,0.5422,0.258867229
GCAG,1915-02,-0.0108,0.6688,0.319310961
GCAG,1915-03,-0.1011,0.5785,0.276198252
GCAG,1915-04,0.0215,0.7011,0.334732229
GCAG,1915-05,-0.0685,0.6111,0.291762751
GCAG,1915-06,-0.0858,0.5938,0.283503063
GCAG,1915-07,-0.0284,0.6512,0.310908041
GCAG,1915-08,-0.076,0.6036,0.288181961
GCAG,1915-09,-0.1111,0.5685,0.271423865
GCAG,1915-10,-0.1722,0.5074,0.242252365
GCAG,1915-11,-0.0116,0.668,0.31892901
GCAG,1915-12,-0.0503,0.6293,0.300452134
GCAG,1916-01,-0.1797,0.4999,0.238671575
GCAG,1916-02,-0.1759,0.5037,0.240485842
GCAG,1916-03,-0.2944,0.3852,0.183909363
GCAG,1916-04,-0.1978,0.4818,0.230029935
GCAG,1916-05,-0.2245,0.4551,0.217282324
GCAG,1916-06,-0.3834,0.2962,0.141417324
GCAG,1916-07,-0.2889,0.3907,0.186535276
GCAG,1916-08,-0.2743,0.4053,0.19350588
GCAG,1916-09,-0.2616,0.418,0.19956935
GCAG,1916-10,-0.2651,0.4145,0.197898315
GCAG,1916-11,-0.3957,0.2839,0.135544829
GCAG,1916-12,-0.5742,0.1054,0.050322032
GCAG,1917-01,-0.4299,0.2497,0.119216428
GCAG,1917-02,-0.4721,0.2075,0.099068517
GCAG,1917-03,-0.4287,0.2509,0.119789354
GCAG,1917-04,-0.3146,0.365,0.174265103
GCAG,1917-05,-0.45,0.2296,0.109619911
GCAG,1917-06,-0.3432,0.3364,0.160610358
GCAG,1917-07,-0.1721,0.5075,0.242300108
GCAG,1917-08,-0.1726,0.507,0.242061389
GCAG,1917-09,-0.0635,0.6161,0.294149944
GCAG,1917-10,-0.2602,0.4194,0.200237764
GCAG,1917-11,-0.1348,0.5448,0.26010857
GCAG,1917-12,-0.5329,0.1467,0.070040248
GCAG,1918-01,-0.2146,0.465,0.222008966
GCAG,1918-02,-0.2892,0.3904,0.186392044
GCAG,1918-03,-0.1783,0.5013,0.239339989
GCAG,1918-04,-0.2966,0.383,0.182858998
GCAG,1918-05,-0.276,0.4036,0.192694234
GCAG,1918-06,-0.1829,0.4967,0.237143771
GCAG,1918-07,-0.2024,0.4772,0.227833718
GCAG,1918-08,-0.1777,0.5019,0.239626452
GCAG,1918-09,-0.1481,0.5315,0.253758636
GCAG,1918-10,-0.0998,0.5798,0.276818922
GCAG,1918-11,-0.1154,0.5642,0.269370879
GCAG,1918-12,-0.3195,0.3601,0.171925653
GCAG,1919-01,-0.2424,0.4372,0.208736172
GCAG,1919-02,-0.053,0.6266,0.29916305
GCAG,1919-03,-0.2393,0.4403,0.210216232
GCAG,1919-04,-0.0704,0.6092,0.290855618
GCAG,1919-05,-0.1837,0.4959,0.23676182
GCAG,1919-06,-0.2348,0.4448,0.212364706
GCAG,1919-07,-0.2155,0.4641,0.221579272
GCAG,1919-08,-0.2077,0.4719,0.225303293
GCAG,1919-09,-0.1833,0.4963,0.236952796
GCAG,1919-10,-0.22,0.4596,0.219430798
GCAG,1919-11,-0.3178,0.3618,0.172737299
GCAG,1919-12,-0.298,0.3816,0.182190584
GCAG,1920-01,-0.1157,0.5639,0.269227648
GCAG,1920-02,-0.2197,0.4599,0.219574029
GCAG,1920-03,-0.0583,0.6213,0.296632625
GCAG,1920-04,-0.2098,0.4698,0.224300672
GCAG,1920-05,-0.1682,0.5114,0.244162119
GCAG,1920-06,-0.2559,0.4237,0.202290751
GCAG,1920-07,-0.2436,0.436,0.208163246
GCAG,1920-08,-0.2306,0.449,0.214369948
GCAG,1920-09,-0.1755,0.5041,0.240676817
GCAG,1920-10,-0.2096,0.47,0.224396159
GCAG,1920-11,-0.251,0.4286,0.2046302
GCAG,1920-12,-0.3886,0.291,0.138934643
GCAG,1921-01,-0.0598,0.6198,0.295916467
GCAG,1921-02,-0.1494,0.5302,0.253137965
GCAG,1921-03,-0.2176,0.462,0.22057665
GCAG,1921-04,-0.2059,0.4737,0.226162682
GCAG,1921-05,-0.1917,0.4879,0.232942311
GCAG,1921-06,-0.1665,0.5131,0.244973765
GCAG,1921-07,-0.1123,0.5673,0.270850939
GCAG,1921-08,-0.1964,0.4832,0.230698349
GCAG,1921-09,-0.1481,0.5315,0.253758636
GCAG,1921-10,-0.0662,0.6134,0.29286086
GCAG,1921-11,-0.1859,0.4937,0.235711455
GCAG,1921-12,-0.0822,0.5974,0.285221842
GCAG,1922-01,-0.3221,0.3575,0.170684313
GCAG,1922-02,-0.2945,0.3851,0.183861619
GCAG,1922-03,-0.0787,0.6009,0.286892877
GCAG,1922-04,-0.1301,0.5495,0.262352531
GCAG,1922-05,-0.2647,0.4149,0.198089291
GCAG,1922-06,-0.282,0.3976,0.189829602
GCAG,1922-07,-0.2615,0.4181,0.199617094
GCAG,1922-08,-0.2793,0.4003,0.191118686
GCAG,1922-09,-0.2525,0.4271,0.203914042
GCAG,1922-10,-0.2506,0.429,0.204821175
GCAG,1922-11,-0.1929,0.4867,0.232369385
GCAG,1922-12,-0.1563,0.5233,0.249843639
GCAG,1923-01,-0.2143,0.4653,0.222152198
GCAG,1923-02,-0.3785,0.3011,0.143756774
GCAG,1923-03,-0.2697,0.4099,0.195702097
GCAG,1923-04,-0.3381,0.3415,0.163045295
GCAG,1923-05,-0.2488,0.4308,0.205680565
GCAG,1923-06,-0.1948,0.4848,0.231462251
GCAG,1923-07,-0.282,0.3976,0.189829602
GCAG,1923-08,-0.2824,0.3972,0.189638627
GCAG,1923-09,-0.2454,0.4342,0.207303856
GCAG,1923-10,-0.1619,0.5177,0.247169982
GCAG,1923-11,0.0285,0.7081,0.338074299
GCAG,1923-12,0.0001,0.6797,0.324515042
GCAG,1924-01,-0.2536,0.426,0.203388859
GCAG,1924-02,-0.1859,0.4937,0.235711455
GCAG,1924-03,-0.113,0.5666,0.270516732
GCAG,1924-04,-0.2466,0.433,0.20673093
GCAG,1924-05,-0.1903,0.4893,0.233610725
GCAG,1924-06,-0.2259,0.4537,0.21661391
GCAG,1924-07,-0.2216,0.458,0.218666896
GCAG,1924-08,-0.2895,0.3901,0.186248812
GCAG,1924-09,-0.2836,0.396,0.1890657
GCAG,1924-10,-0.2879,0.3917,0.187012714
GCAG,1924-11,-0.2942,0.3854,0.184004851
GCAG,1924-12,-0.3912,0.2884,0.137693303
GCAG,1925-01,-0.3246,0.355,0.169490716
GCAG,1925-02,-0.2783,0.4013,0.191596125
GCAG,1925-03,-0.1692,0.5104,0.24368468
GCAG,1925-04,-0.1633,0.5163,0.246501568
GCAG,1925-05,-0.2233,0.4563,0.21785525
GCAG,1925-06,-0.2291,0.4505,0.215086106
GCAG,1925-07,-0.2093,0.4703,0.224539391
GCAG,1925-08,-0.1374,0.5422,0.258867229
GCAG,1925-09,-0.104,0.5756,0.27481368
GCAG,1925-10,-0.1326,0.547,0.261158935
GCAG,1925-11,0.0584,0.738,0.352349714
GCAG,1925-12,0.1358,0.8154,0.389303465
GCAG,1926-01,0.166,0.8456,0.403722112
GCAG,1926-02,0.0811,0.7607,0.363187571
GCAG,1926-03,0.0756,0.7552,0.360561659
GCAG,1926-04,-0.1389,0.5407,0.258151071
GCAG,1926-05,-0.1345,0.5451,0.260251801
GCAG,1926-06,-0.1224,0.5572,0.266028809
GCAG,1926-07,-0.1582,0.5214,0.248936505
GCAG,1926-08,-0.0882,0.5914,0.28235721
GCAG,1926-09,-0.1031,0.5765,0.275243374
GCAG,1926-10,-0.084,0.5956,0.284362452
GCAG,1926-11,-0.0784,0.6012,0.287036109
GCAG,1926-12,-0.2158,0.4638,0.22143604
GCAG,1927-01,-0.1723,0.5073,0.242204621
GCAG,1927-02,-0.1917,0.4879,0.232942311
GCAG,1927-03,-0.2563,0.4233,0.202099775
GCAG,1927-04,-0.2207,0.4589,0.219096591
GCAG,1927-05,-0.2286,0.451,0.215324825
GCAG,1927-06,-0.2014,0.4782,0.228311156
GCAG,1927-07,-0.1035,0.5761,0.275052399
GCAG,1927-08,-0.1145,0.5651,0.269800574
GCAG,1927-09,-0.0275,0.6521,0.311337735
GCAG,1927-10,0.014,0.6936,0.331151439
GCAG,1927-11,-0.0397,0.6399,0.305512984
GCAG,1927-12,-0.3132,0.3664,0.174933517
GCAG,1928-01,-0.08,0.5996,0.286272207
GCAG,1928-02,-0.145,0.5346,0.255238695
GCAG,1928-03,-0.263,0.4166,0.198900936
GCAG,1928-04,-0.2444,0.4352,0.207781295
GCAG,1928-05,-0.1866,0.493,0.235377248
GCAG,1928-06,-0.2777,0.4019,0.191882588
GCAG,1928-07,-0.1773,0.5023,0.239817427
GCAG,1928-08,-0.1997,0.4799,0.229122802
GCAG,1928-09,-0.1904,0.4892,0.233562981
GCAG,1928-10,-0.1256,0.554,0.264501005
GCAG,1928-11,-0.0679,0.6117,0.292049214
GCAG,1928-12,-0.1713,0.5083,0.242682059
GCAG,1929-01,-0.484,0.1956,0.093386997
GCAG,1929-02,-0.5495,0.1301,0.062114767
GCAG,1929-03,-0.2654,0.4142,0.197755084
GCAG,1929-04,-0.2976,0.382,0.182381559
GCAG,1929-05,-0.2886,0.391,0.186678507
GCAG,1929-06,-0.2746,0.405,0.193362648
GCAG,1929-07,-0.2735,0.4061,0.193887831
GCAG,1929-08,-0.2078,0.4718,0.225255549
GCAG,1929-09,-0.2089,0.4707,0.224730367
GCAG,1929-10,-0.1185,0.5611,0.267890819
GCAG,1929-11,-0.0971,0.5825,0.278108006
GCAG,1929-12,-0.5167,0.1629,0.077774754
GCAG,1930-01,-0.3206,0.359,0.171400471
GCAG,1930-02,-0.2,0.4796,0.22897957
GCAG,1930-03,-0.0549,0.6247,0.298255917
GCAG,1930-04,-0.195,0.4846,0.231366764
GCAG,1930-05,-0.1976,0.482,0.230125423
GCAG,1930-06,-0.1135,0.5661,0.270278013
GCAG,1930-07,-0.0692,0.6104,0.291428544
GCAG,1930-08,-0.09,0.5896,0.28149782
GCAG,1930-09,-0.1043,0.5753,0.274670448
GCAG,1930-10,-0.0011,0.6785,0.323942115
GCAG,1930-11,0.1368,0.8164,0.389780903
GCAG,1930-12,0.0064,0.686,0.327522905
GCAG,1931-01,-0.047,0.6326,0.302027682
GCAG,1931-02,-0.2225,0.4571,0.218237201
GCAG,1931-03,-0.0061,0.6735,0.321554922
GCAG,1931-04,-0.1625,0.5171,0.246883519
GCAG,1931-05,-0.1499,0.5297,0.252899246
GCAG,1931-06,-0.0185,0.6611,0.315634683
GCAG,1931-07,-0.0155,0.6641,0.317066999
GCAG,1931-08,0.0047,0.6843,0.326711259
GCAG,1931-09,0.0035,0.6831,0.326138333
GCAG,1931-10,0.0092,0.6888,0.328859733
GCAG,1931-11,-0.1139,0.5657,0.270087037
GCAG,1931-12,-0.1052,0.5744,0.274240753
GCAG,1932-01,0.1547,0.8343,0.398327055
GCAG,1932-02,-0.1794,0.5002,0.238814806
GCAG,1932-03,-0.1799,0.4997,0.238576087
GCAG,1932-04,-0.0324,0.6472,0.308998286
GCAG,1932-05,-0.1674,0.5122,0.24454407
GCAG,1932-06,-0.1578,0.5218,0.249127481
GCAG,1932-07,-0.1208,0.5588,0.26679271
GCAG,1932-08,-0.1757,0.5039,0.240581329
GCAG,1932-09,-0.0695,0.6101,0.291285313
GCAG,1932-10,-0.0926,0.587,0.28025648
GCAG,1932-11,-0.1945,0.4851,0.231605483
GCAG,1932-12,-0.1861,0.4935,0.235615967
GCAG,1933-01,-0.3073,0.3723,0.177750405
GCAG,1933-02,-0.3167,0.3629,0.173262481
GCAG,1933-03,-0.2476,0.432,0.206253491
GCAG,1933-04,-0.2044,0.4752,0.22687884
GCAG,1933-05,-0.2091,0.4705,0.224634879
GCAG,1933-06,-0.2007,0.4789,0.228645363
GCAG,1933-07,-0.181,0.4986,0.238050905
GCAG,1933-08,-0.1889,0.4907,0.234279139
GCAG,1933-09,-0.2214,0.4582,0.218762384
GCAG,1933-10,-0.1879,0.4917,0.234756578
GCAG,1933-11,-0.2548,0.4248,0.202815933
GCAG,1933-12,-0.4069,0.2727,0.130197516
GCAG,1934-01,-0.3102,0.3694,0.176365833
GCAG,1934-02,-0.0231,0.6565,0.313438465
GCAG,1934-03,-0.2574,0.4222,0.201574593
GCAG,1934-04,-0.2318,0.4478,0.213797022
GCAG,1934-05,-0.0444,0.6352,0.303269022
GCAG,1934-06,-0.0025,0.6771,0.323273701
GCAG,1934-07,-0.0894,0.5902,0.281784284
GCAG,1934-08,-0.0548,0.6248,0.298303661
GCAG,1934-09,-0.1226,0.557,0.265933321
GCAG,1934-10,-0.0693,0.6103,0.2913808
GCAG,1934-11,0.0128,0.6924,0.330578512
GCAG,1934-12,-0.0256,0.654,0.312244869
GCAG,1935-01,-0.2894,0.3902,0.186296556
GCAG,1935-02,0.1659,0.8455,0.403674368
GCAG,1935-03,-0.1475,0.5321,0.254045099
GCAG,1935-04,-0.2567,0.4229,0.2019088
GCAG,1935-05,-0.2038,0.4758,0.227165304
GCAG,1935-06,-0.1706,0.509,0.243016266
GCAG,1935-07,-0.1155,0.5641,0.269323135
GCAG,1935-08,-0.1003,0.5793,0.276580203
GCAG,1935-09,-0.0916,0.588,0.280733919
GCAG,1935-10,-0.013,0.6666,0.318260596
GCAG,1935-11,-0.2707,0.4089,0.195224659
GCAG,1935-12,-0.1769,0.5027,0.240008403
GCAG,1936-01,-0.2547,0.4249,0.202863677
GCAG,1936-02,-0.3137,0.3659,0.174694797
GCAG,1936-03,-0.2107,0.4689,0.223870977
GCAG,1936-04,-0.1789,0.5007,0.239053526
GCAG,1936-05,-0.1178,0.5618,0.268225026
GCAG,1936-06,-0.1075,0.5721,0.273142644
GCAG,1936-07,-0.0139,0.6657,0.317830901
GCAG,1936-08,-0.0557,0.6239,0.297873966
GCAG,1936-09,-0.0389,0.6407,0.305894935
GCAG,1936-10,-0.0224,0.6572,0.313772672
GCAG,1936-11,-0.0275,0.6521,0.311337735
GCAG,1936-12,-0.0193,0.6603,0.315252732
GCAG,1937-01,-0.1684,0.5112,0.244066631
GCAG,1937-02,0.0385,0.7181,0.342848685
GCAG,1937-03,-0.1823,0.4973,0.237430234
GCAG,1937-04,-0.1262,0.5534,0.264214542
GCAG,1937-05,-0.0187,0.6609,0.315539195
GCAG,1937-06,0.0126,0.6922,0.330483025
GCAG,1937-07,-0.0004,0.6792,0.324276322
GCAG,1937-08,0.093,0.7726,0.368869091
GCAG,1937-09,0.1316,0.8112,0.387298222
GCAG,1937-10,0.1137,0.7933,0.378752071
GCAG,1937-11,0.0099,0.6895,0.32919394
GCAG,1937-12,-0.0919,0.5877,0.280590687
GCAG,1938-01,-0.0378,0.6418,0.306420117
GCAG,1938-02,-0.054,0.6256,0.298685611
GCAG,1938-03,0.0308,0.7104,0.339172408
GCAG,1938-04,0.0428,0.7224,0.344901672
GCAG,1938-05,-0.019,0.6606,0.315395964
GCAG,1938-06,-0.0939,0.5857,0.27963581
GCAG,1938-07,-0.0505,0.6291,0.300356647
GCAG,1938-08,-0.0149,0.6647,0.317353462
GCAG,1938-09,0.0293,0.7089,0.33845625
GCAG,1938-10,0.0724,0.752,0.359033855
GCAG,1938-11,0.0039,0.6835,0.326329309
GCAG,1938-12,-0.2541,0.4255,0.20315014
GCAG,1939-01,-0.1665,0.5131,0.244973765
GCAG,1939-02,-0.1137,0.5659,0.270182525
GCAG,1939-03,-0.1897,0.4899,0.233897188
GCAG,1939-04,-0.1319,0.5477,0.261493142
GCAG,1939-05,-0.0366,0.643,0.306993044
GCAG,1939-06,-0.0077,0.6719,0.32079102
GCAG,1939-07,0.0061,0.6857,0.327379674
GCAG,1939-08,0.0555,0.7351,0.350965142
GCAG,1939-09,0.0111,0.6907,0.329766867
GCAG,1939-10,-0.0427,0.6369,0.304080668
GCAG,1939-11,0.044,0.7236,0.345474598
GCAG,1939-12,0.4057,1.0853,0.518164153
GCAG,1940-01,-0.1226,0.557,0.265933321
GCAG,1940-02,0.0514,0.731,0.349007644
GCAG,1940-03,0.0671,0.7467,0.35650343
GCAG,1940-04,0.1286,0.8082,0.385865907
GCAG,1940-05,0.0556,0.7352,0.351012886
GCAG,1940-06,0.1039,0.7835,0.374073172
GCAG,1940-07,0.1459,0.8255,0.394125595
GCAG,1940-08,0.0902,0.7698,0.367532263
GCAG,1940-09,0.1483,0.8279,0.395271448
GCAG,1940-10,0.0993,0.7789,0.371876955
GCAG,1940-11,0.1004,0.78,0.372402137
GCAG,1940-12,0.2683,0.9479,0.452564084
GCAG,1941-01,0.1802,0.8598,0.41050174
GCAG,1941-02,0.227,0.9066,0.432845868
GCAG,1941-03,0.1023,0.7819,0.37330927
GCAG,1941-04,0.2229,0.9025,0.43088837
GCAG,1941-05,0.2446,0.9242,0.441248788
GCAG,1941-06,0.1614,0.841,0.401525894
GCAG,1941-07,0.2069,0.8865,0.423249352
GCAG,1941-08,0.1736,0.8532,0.407350645
GCAG,1941-09,0.0881,0.7677,0.366529642
GCAG,1941-10,0.313,0.9926,0.473905591
GCAG,1941-11,0.2212,0.9008,0.430076724
GCAG,1941-12,0.2108,0.8904,0.425111363
GCAG,1942-01,0.2983,0.9779,0.466887243
GCAG,1942-02,0.0971,0.7767,0.37082659
GCAG,1942-03,0.1771,0.8567,0.40902168
GCAG,1942-04,0.19,0.8696,0.415180639
GCAG,1942-05,0.1665,0.8461,0.403960831
GCAG,1942-06,0.2098,0.8894,0.424633924
GCAG,1942-07,0.0768,0.7564,0.361134585
GCAG,1942-08,0.044,0.7236,0.345474598
GCAG,1942-09,0.1179,0.7975,0.380757313
GCAG,1942-10,0.1495,0.8291,0.395844374
GCAG,1942-11,0.167,0.8466,0.40419955
GCAG,1942-12,0.1515,0.8311,0.396799251
GCAG,1943-01,-0.0241,0.6555,0.312961027
GCAG,1943-02,0.1683,0.8479,0.40482022
GCAG,1943-03,0.0762,0.7558,0.360848122
GCAG,1943-04,0.1726,0.8522,0.406873207
GCAG,1943-05,0.1326,0.8122,0.387775661
GCAG,1943-06,0.0245,0.7041,0.336164544
GCAG,1943-07,0.183,0.8626,0.411838568
GCAG,1943-08,0.0992,0.7788,0.371829211
GCAG,1943-09,0.1425,0.8221,0.392502304
GCAG,1943-10,0.3095,0.9891,0.472234556
GCAG,1943-11,0.2459,0.9255,0.441869459
GCAG,1943-12,0.3539,1.0335,0.493432832
GCAG,1944-01,0.4241,1.1037,0.526949024
GCAG,1944-02,0.3032,0.9828,0.469226693
GCAG,1944-03,0.3676,1.0472,0.499973741
GCAG,1944-04,0.2718,0.9514,0.454235119
GCAG,1944-05,0.2618,0.9414,0.449460733
GCAG,1944-06,0.3348,1.0144,0.484313754
GCAG,1944-07,0.3145,0.9941,0.474621749
GCAG,1944-08,0.2804,0.96,0.458341092
GCAG,1944-09,0.3855,1.0651,0.508519892
GCAG,1944-10,0.323,1.0026,0.478679978
GCAG,1944-11,0.1518,0.8314,0.396942483
GCAG,1944-12,0.0951,0.7747,0.369871712
GCAG,1945-01,0.1535,0.8331,0.397754129
GCAG,1945-02,0.0149,0.6945,0.331581134
GCAG,1945-03,0.1072,0.7868,0.37564872
GCAG,1945-04,0.2764,0.956,0.456431337
GCAG,1945-05,0.1761,0.8557,0.408544242
GCAG,1945-06,0.1413,0.8209,0.391929377
GCAG,1945-07,0.1652,0.8448,0.403340161
GCAG,1945-08,0.3546,1.0342,0.493767039
GCAG,1945-09,0.2578,0.9374,0.447550979
GCAG,1945-10,0.2569,0.9365,0.447121284
GCAG,1945-11,0.1955,0.8751,0.417806551
GCAG,1945-12,-0.0475,0.6321,0.301788963
GCAG,1946-01,0.2209,0.9005,0.429933493
GCAG,1946-02,0.0888,0.7684,0.366863849
GCAG,1946-03,0.0005,0.6801,0.324706017
GCAG,1946-04,0.1768,0.8564,0.408878449
GCAG,1946-05,-0.0298,0.6498,0.310239626
GCAG,1946-06,-0.1016,0.578,0.275959532
GCAG,1946-07,-0.0367,0.6429,0.3069453
GCAG,1946-08,-0.0697,0.6099,0.291189825
GCAG,1946-09,-0.0164,0.6632,0.316637304
GCAG,1946-10,-0.0057,0.6739,0.321745898
GCAG,1946-11,-0.0119,0.6677,0.318785778
GCAG,1946-12,-0.2636,0.416,0.198614473
GCAG,1947-01,-0.1816,0.498,0.237764441
GCAG,1947-02,-0.0774,0.6022,0.287513547
GCAG,1947-03,-0.0079,0.6717,0.320695533
GCAG,1947-04,0.0143,0.6939,0.33129467
GCAG,1947-05,-0.019,0.6606,0.315395964
GCAG,1947-06,0.0208,0.7004,0.334398021
GCAG,1947-07,-0.0138,0.6658,0.317878645
GCAG,1947-08,-0.0623,0.6173,0.294722871
GCAG,1947-09,-0.1306,0.549,0.262113812
GCAG,1947-10,0.0549,0.7345,0.350678679
GCAG,1947-11,-0.0238,0.6558,0.313104258
GCAG,1947-12,-0.1463,0.5333,0.254618025
GCAG,1948-01,0.0535,0.7331,0.350010265
GCAG,1948-02,-0.0906,0.589,0.281211357
GCAG,1948-03,-0.1841,0.4955,0.236570845
GCAG,1948-04,-0.0646,0.615,0.293624762
GCAG,1948-05,0.1427,0.8223,0.392597791
GCAG,1948-06,-0.015,0.6646,0.317305718
GCAG,1948-07,-0.0622,0.6174,0.294770615
GCAG,1948-08,-0.0282,0.6514,0.311003528
GCAG,1948-09,-0.1032,0.5764,0.27519563
GCAG,1948-10,-0.065,0.6146,0.293433786
GCAG,1948-11,-0.056,0.6236,0.297730734
GCAG,1948-12,-0.1121,0.5675,0.270946427
GCAG,1949-01,0.1209,0.8005,0.382189629
GCAG,1949-02,-0.1476,0.532,0.253997355
GCAG,1949-03,-0.0732,0.6064,0.28951879
GCAG,1949-04,0.0076,0.6872,0.328095831
GCAG,1949-05,-0.0063,0.6733,0.321459434
GCAG,1949-06,-0.1486,0.531,0.253519916
GCAG,1949-07,-0.077,0.6026,0.287704523
GCAG,1949-08,-0.0217,0.6579,0.314106879
GCAG,1949-09,-0.0701,0.6095,0.290998849
GCAG,1949-10,-0.0297,0.6499,0.31028737
GCAG,1949-11,-0.0534,0.6262,0.298972075
GCAG,1949-12,-0.1821,0.4975,0.237525722
GCAG,1950-01,-0.2777,0.4019,0.191882588
GCAG,1950-02,-0.2389,0.4407,0.210407207
GCAG,1950-03,-0.0868,0.5928,0.283025624
GCAG,1950-04,-0.1706,0.509,0.243016266
GCAG,1950-05,-0.0536,0.626,0.298876587
GCAG,1950-06,-0.0559,0.6237,0.297778478
GCAG,1950-07,-0.1053,0.5743,0.274193009
GCAG,1950-08,-0.1382,0.5414,0.258485278
GCAG,1950-09,-0.1049,0.5747,0.274383985
GCAG,1950-10,-0.1661,0.5135,0.24516474
GCAG,1950-11,-0.3605,0.3191,0.152350669
GCAG,1950-12,-0.181,0.4986,0.238050905
GCAG,1951-01,-0.2903,0.3893,0.185866861
GCAG,1951-02,-0.4101,0.2695,0.128669713
GCAG,1951-03,-0.1689,0.5107,0.243827912
GCAG,1951-04,-0.0877,0.5919,0.282595929
GCAG,1951-05,0.0569,0.7365,0.351633556
GCAG,1951-06,0.0381,0.7177,0.34265771
GCAG,1951-07,0.1101,0.7897,0.377033292
GCAG,1951-08,0.113,0.7926,0.378417864
GCAG,1951-09,0.1322,0.8118,0.387584686
GCAG,1951-10,0.1081,0.7877,0.376078415
GCAG,1951-11,0.026,0.7056,0.336880702
GCAG,1951-12,0.2148,0.8944,0.427021117
GCAG,1952-01,0.152,0.8316,0.397037971
GCAG,1952-02,0.0921,0.7717,0.368439396
GCAG,1952-03,-0.048,0.6316,0.301550243
GCAG,1952-04,0.0666,0.7462,0.356264711
GCAG,1952-05,0.034,0.7136,0.340700212
GCAG,1952-06,0.0396,0.7192,0.343373868
GCAG,1952-07,0.0735,0.7531,0.359559038
GCAG,1952-08,0.0647,0.7443,0.355357578
GCAG,1952-09,0.0653,0.7449,0.355644041
GCAG,1952-10,-0.0366,0.643,0.306993044
GCAG,1952-11,-0.1975,0.4821,0.230173167
GCAG,1952-12,-0.008,0.6716,0.320647789
GCAG,1953-01,0.1037,0.7833,0.373977685
GCAG,1953-02,0.1534,0.833,0.397706385
GCAG,1953-03,0.1539,0.8335,0.397945104
GCAG,1953-04,0.1873,0.8669,0.413891555
GCAG,1953-05,0.144,0.8236,0.393218462
GCAG,1953-06,0.124,0.8036,0.383669689
GCAG,1953-07,0.0662,0.7458,0.356073736
GCAG,1953-08,0.0812,0.7608,0.363235315
GCAG,1953-09,0.0632,0.7428,0.35464142
GCAG,1953-10,0.0723,0.7519,0.358986111
GCAG,1953-11,-0.0621,0.6175,0.294818358
GCAG,1953-12,0.0555,0.7351,0.350965142
GCAG,1954-01,-0.2352,0.4444,0.21217373
GCAG,1954-02,-0.0865,0.5931,0.283168856
GCAG,1954-03,-0.091,0.5886,0.281020382
GCAG,1954-04,-0.1766,0.503,0.240151635
GCAG,1954-05,-0.202,0.4776,0.228024693
GCAG,1954-06,-0.1161,0.5635,0.269036672
GCAG,1954-07,-0.1229,0.5567,0.265790089
GCAG,1954-08,-0.0913,0.5883,0.28087715
GCAG,1954-09,-0.0595,0.6201,0.296059699
GCAG,1954-10,-0.0694,0.6102,0.291333056
GCAG,1954-11,0.039,0.7186,0.343087405
GCAG,1954-12,-0.1859,0.4937,0.235711455
GCAG,1955-01,0.0879,0.7675,0.366434154
GCAG,1955-02,-0.1303,0.5493,0.262257043
GCAG,1955-03,-0.3091,0.3705,0.176891015
GCAG,1955-04,-0.2383,0.4413,0.210693671
GCAG,1955-05,-0.1274,0.5522,0.263641615
GCAG,1955-06,-0.0695,0.6101,0.291285313
GCAG,1955-07,-0.0881,0.5915,0.282404954
GCAG,1955-08,-0.0262,0.6534,0.311958406
GCAG,1955-09,-0.0923,0.5873,0.280399712
GCAG,1955-10,-0.1232,0.5564,0.265646858
GCAG,1955-11,-0.2373,0.4423,0.211171109
GCAG,1955-12,-0.2706,0.409,0.195272403
GCAG,1956-01,-0.1773,0.5023,0.239817427
GCAG,1956-02,-0.2732,0.4064,0.194031062
GCAG,1956-03,-0.2003,0.4793,0.228836339
GCAG,1956-04,-0.2846,0.395,0.188588262
GCAG,1956-05,-0.2275,0.4521,0.215850008
GCAG,1956-06,-0.1437,0.5359,0.255859366
GCAG,1956-07,-0.1346,0.545,0.260204057
GCAG,1956-08,-0.1866,0.493,0.235377248
GCAG,1956-09,-0.252,0.4276,0.204152761
GCAG,1956-10,-0.1989,0.4807,0.229504753
GCAG,1956-11,-0.1564,0.5232,0.249795895
GCAG,1956-12,-0.153,0.5266,0.251419186
GCAG,1957-01,-0.1178,0.5618,0.268225026
GCAG,1957-02,-0.1118,0.5678,0.271089658
GCAG,1957-03,-0.068,0.6116,0.292001471
GCAG,1957-04,-0.0193,0.6603,0.315252732
GCAG,1957-05,0.1092,0.7888,0.376603597
GCAG,1957-06,0.1577,0.8373,0.399759371
GCAG,1957-07,0.0596,0.7392,0.352922641
GCAG,1957-08,0.1302,0.8098,0.386629808
GCAG,1957-09,0.0748,0.7544,0.360179708
GCAG,1957-10,0.0143,0.6939,0.33129467
GCAG,1957-11,0.1282,0.8078,0.385674931
GCAG,1957-12,0.229,0.9086,0.433800746
GCAG,1958-01,0.2964,0.976,0.46598011
GCAG,1958-02,0.2103,0.8899,0.424872643
GCAG,1958-03,0.1181,0.7977,0.380852801
GCAG,1958-04,0.114,0.7936,0.378895302
GCAG,1958-05,0.1007,0.7803,0.372545369
GCAG,1958-06,0.0624,0.742,0.354259469
GCAG,1958-07,0.0649,0.7445,0.355453065
GCAG,1958-08,0.0528,0.7324,0.349676058
GCAG,1958-09,0.0186,0.6982,0.333347656
GCAG,1958-10,0.0405,0.7201,0.343803563
GCAG,1958-11,0.0896,0.7692,0.3672458
GCAG,1958-12,0.1452,0.8248,0.393791388
GCAG,1959-01,0.125,0.8046,0.384147127
GCAG,1959-02,0.0682,0.7478,0.357028613
GCAG,1959-03,0.2041,0.8837,0.421912524
GCAG,1959-04,0.118,0.7976,0.380805057
GCAG,1959-05,0.0263,0.7059,0.337023934
GCAG,1959-06,0.0849,0.7645,0.365001838
GCAG,1959-07,0.0671,0.7467,0.35650343
GCAG,1959-08,0.0516,0.7312,0.349103132
GCAG,1959-09,0.097,0.7766,0.370778846
GCAG,1959-10,-0.0137,0.6659,0.317926389
GCAG,1959-11,-0.079,0.6006,0.286749646
GCAG,1959-12,-0.0343,0.6453,0.308091153
GCAG,1960-01,0.0032,0.6828,0.325995101
GCAG,1960-02,0.1858,0.8654,0.413175397
GCAG,1960-03,-0.2041,0.4755,0.227022072
GCAG,1960-04,-0.0954,0.5842,0.278919652
GCAG,1960-05,-0.0841,0.5955,0.284314708
GCAG,1960-06,0.0772,0.7568,0.361325561
GCAG,1960-07,0.0339,0.7135,0.340652468
GCAG,1960-08,0.0461,0.7257,0.346477219
GCAG,1960-09,0.0638,0.7434,0.354927883
GCAG,1960-10,0.039,0.7186,0.343087405
GCAG,1960-11,-0.0484,0.6312,0.301359268
GCAG,1960-12,0.2278,0.9074,0.433227819
GCAG,1961-01,0.1188,0.7984,0.381187008
GCAG,1961-02,0.1768,0.8564,0.408878449
GCAG,1961-03,0.1646,0.8442,0.403053698
GCAG,1961-04,0.1335,0.8131,0.388205356
GCAG,1961-05,0.1614,0.841,0.401525894
GCAG,1961-06,0.1479,0.8275,0.395080472
GCAG,1961-07,0.035,0.7146,0.34117765
GCAG,1961-08,0.032,0.7116,0.339745334
GCAG,1961-09,-0.0041,0.6755,0.322509799
GCAG,1961-10,-0.035,0.6446,0.307756946
GCAG,1961-11,0.016,0.6956,0.332106316
GCAG,1961-12,-0.0171,0.6625,0.316303097
GCAG,1962-01,0.1345,0.8141,0.388682795
GCAG,1962-02,0.1698,0.8494,0.405536378
GCAG,1962-03,0.1197,0.7993,0.381616703
GCAG,1962-04,0.0763,0.7559,0.360895866
GCAG,1962-05,0.0589,0.7385,0.352588434
GCAG,1962-06,0.0574,0.737,0.351872276
GCAG,1962-07,0.0905,0.7701,0.367675495
GCAG,1962-08,0.0552,0.7348,0.350821911
GCAG,1962-09,0.0606,0.7402,0.353400079
GCAG,1962-10,0.0796,0.7592,0.362471413
GCAG,1962-11,0.0745,0.7541,0.360036476
GCAG,1962-12,0.0881,0.7677,0.366529642
GCAG,1963-01,0.0376,0.7172,0.342418991
GCAG,1963-02,0.2566,0.9362,0.446978052
GCAG,1963-03,-0.0216,0.658,0.314154623
GCAG,1963-04,-0.0041,0.6755,0.322509799
GCAG,1963-05,0.013,0.6926,0.330674
GCAG,1963-06,0.0499,0.7295,0.348291486
GCAG,1963-07,0.1382,0.8178,0.390449318
GCAG,1963-08,0.1579,0.8375,0.399854859
GCAG,1963-09,0.1629,0.8425,0.402242052
GCAG,1963-10,0.2148,0.8944,0.427021117
GCAG,1963-11,0.1947,0.8743,0.417424601
GCAG,1963-12,0.0812,0.7608,0.363235315
GCAG,1964-01,0.0488,0.7284,0.347766303
GCAG,1964-02,-0.1048,0.5748,0.274431729
GCAG,1964-03,-0.1421,0.5375,0.256623267
GCAG,1964-04,-0.1847,0.4949,0.236284382
GCAG,1964-05,-0.098,0.5816,0.277678311
GCAG,1964-06,-0.0931,0.5865,0.280017761
GCAG,1964-07,-0.1111,0.5685,0.271423865
GCAG,1964-08,-0.1669,0.5127,0.244782789
GCAG,1964-09,-0.2093,0.4703,0.224539391
GCAG,1964-10,-0.2665,0.4131,0.197229901
GCAG,1964-11,-0.2017,0.4779,0.228167925
GCAG,1964-12,-0.2651,0.4145,0.197898315
GCAG,1965-01,-0.0699,0.6097,0.291094337
GCAG,1965-02,-0.1966,0.483,0.230602862
GCAG,1965-03,-0.1005,0.5791,0.276484715
GCAG,1965-04,-0.1875,0.4921,0.234947553
GCAG,1965-05,-0.0787,0.6009,0.286892877
GCAG,1965-06,-0.0434,0.6362,0.303746461
GCAG,1965-07,-0.0841,0.5955,0.284314708
GCAG,1965-08,-0.0464,0.6332,0.302314145
GCAG,1965-09,-0.0503,0.6293,0.300452134
GCAG,1965-10,0.0238,0.7034,0.335830337
GCAG,1965-11,-0.09,0.5896,0.28149782
GCAG,1965-12,-0.0124,0.6672,0.318547059
GCAG,1966-01,-0.0458,0.6338,0.302600608
GCAG,1966-02,-0.0373,0.6423,0.306658837
GCAG,1966-03,-0.0025,0.6771,0.323273701
GCAG,1966-04,-0.0908,0.5888,0.28111587
GCAG,1966-05,-0.0359,0.6437,0.307327251
GCAG,1966-06,0.0577,0.7373,0.352015507
GCAG,1966-07,0.0667,0.7463,0.356312455
GCAG,1966-08,0.0191,0.6987,0.333586376
GCAG,1966-09,0.0261,0.7057,0.336928446
GCAG,1966-10,-0.0592,0.6204,0.296202931
GCAG,1966-11,-0.0465,0.6331,0.302266401
GCAG,1966-12,-0.1244,0.5552,0.265073931
GCAG,1967-01,-0.1068,0.5728,0.273476851
GCAG,1967-02,-0.1656,0.514,0.24540346
GCAG,1967-03,0.0029,0.6825,0.32585187
GCAG,1967-04,0.0056,0.6852,0.327140954
GCAG,1967-05,0.1243,0.8039,0.38381292
GCAG,1967-06,-0.0299,0.6497,0.310191883
GCAG,1967-07,-0.0177,0.6619,0.316016634
GCAG,1967-08,-0.0055,0.6741,0.321841385
GCAG,1967-09,-0.0317,0.6479,0.309332493
GCAG,1967-10,0.1288,0.8084,0.385961394
GCAG,1967-11,-0.0212,0.6584,0.314345599
GCAG,1967-12,-0.04,0.6396,0.305369752
GCAG,1968-01,-0.1865,0.4931,0.235424992
GCAG,1968-02,-0.1266,0.553,0.264023566
GCAG,1968-03,0.1508,0.8304,0.396465044
GCAG,1968-04,-0.0703,0.6093,0.290903362
GCAG,1968-05,-0.0803,0.5993,0.286128975
GCAG,1968-06,-0.0161,0.6635,0.316780536
GCAG,1968-07,-0.0197,0.6599,0.315061757
GCAG,1968-08,-0.0143,0.6653,0.317639925
GCAG,1968-09,-0.0112,0.6684,0.319119985
GCAG,1968-10,0.0471,0.7267,0.346954658
GCAG,1968-11,0.0156,0.6952,0.331915341
GCAG,1968-12,-0.0431,0.6365,0.303889693
GCAG,1969-01,-0.1295,0.5501,0.262638994
GCAG,1969-02,-0.1038,0.5758,0.274909167
GCAG,1969-03,0.1222,0.8018,0.382810299
GCAG,1969-04,0.1935,0.8731,0.416851674
GCAG,1969-05,0.1756,0.8552,0.408305523
GCAG,1969-06,0.0766,0.7562,0.361039097
GCAG,1969-07,0.0933,0.7729,0.369012323
GCAG,1969-08,0.0954,0.775,0.370014944
GCAG,1969-09,0.0843,0.7639,0.364715375
GCAG,1969-10,0.0713,0.7509,0.358508673
GCAG,1969-11,0.1896,0.8692,0.414989663
GCAG,1969-12,0.2468,0.9264,0.442299154
GCAG,1970-01,0.1214,0.801,0.382428348
GCAG,1970-02,0.2353,0.9149,0.436808609
GCAG,1970-03,0.0317,0.7113,0.339602103
GCAG,1970-04,0.131,0.8106,0.387011759
GCAG,1970-05,0.0414,0.721,0.344233257
GCAG,1970-06,0.0295,0.7091,0.338551738
GCAG,1970-07,-0.0218,0.6578,0.314059136
GCAG,1970-08,-0.0198,0.6598,0.315014013
GCAG,1970-09,0.0077,0.6873,0.328143575
GCAG,1970-10,-0.0367,0.6429,0.3069453
GCAG,1970-11,0.0226,0.7022,0.335257411
GCAG,1970-12,-0.0954,0.5842,0.278919652
GCAG,1971-01,-0.0045,0.6751,0.322318824
GCAG,1971-02,-0.2144,0.4652,0.222104454
GCAG,1971-03,-0.1412,0.5384,0.257052962
GCAG,1971-04,-0.1299,0.5497,0.262448019
GCAG,1971-05,-0.0899,0.5897,0.281545564
GCAG,1971-06,-0.1243,0.5553,0.265121675
GCAG,1971-07,-0.063,0.6166,0.294388664
GCAG,1971-08,-0.0688,0.6108,0.29161952
GCAG,1971-09,-0.0443,0.6353,0.303316766
GCAG,1971-10,-0.0763,0.6033,0.28803873
GCAG,1971-11,0.0363,0.7159,0.34179832
GCAG,1971-12,-0.0198,0.6598,0.315014013
GCAG,1972-01,-0.2415,0.4381,0.209165867
GCAG,1972-02,-0.1624,0.5172,0.246931263
GCAG,1972-03,0.0014,0.681,0.325135712
GCAG,1972-04,0.0357,0.7153,0.341511857
GCAG,1972-05,0.0147,0.6943,0.331485646
GCAG,1972-06,0.0765,0.7561,0.360991354
GCAG,1972-07,0.0639,0.7435,0.354975627
GCAG,1972-08,0.0863,0.7659,0.365670252
GCAG,1972-09,0.0207,0.7003,0.334350278
GCAG,1972-10,0.0891,0.7687,0.36700708
GCAG,1972-11,0.0799,0.7595,0.362614645
GCAG,1972-12,0.2529,0.9325,0.445211529
GCAG,1973-01,0.259,0.9386,0.448123905
GCAG,1973-02,0.3722,1.0518,0.502169959
GCAG,1973-03,0.3305,1.0101,0.482260767
GCAG,1973-04,0.2502,0.9298,0.443922445
GCAG,1973-05,0.2152,0.8948,0.427212093
GCAG,1973-06,0.1972,0.8768,0.418618197
GCAG,1973-07,0.1163,0.7959,0.379993411
GCAG,1973-08,0.0774,0.757,0.361421048
GCAG,1973-09,0.0563,0.7359,0.351347093
GCAG,1973-10,0.0446,0.7242,0.345761061
GCAG,1973-11,0.022,0.7016,0.334970948
GCAG,1973-12,0.0277,0.7073,0.337692348
GCAG,1974-01,-0.1953,0.4843,0.231223532
GCAG,1974-02,-0.2548,0.4248,0.202815933
GCAG,1974-03,-0.0509,0.6287,0.300165671
GCAG,1974-04,-0.042,0.6376,0.304414875
GCAG,1974-05,-0.0246,0.655,0.312722307
GCAG,1974-06,-0.0375,0.6421,0.306563349
GCAG,1974-07,0.0195,0.6991,0.333777351
GCAG,1974-08,0.0131,0.6927,0.330721744
GCAG,1974-09,-0.0428,0.6368,0.304032924
GCAG,1974-10,-0.0831,0.5965,0.284792147
GCAG,1974-11,-0.0671,0.6125,0.292431165
GCAG,1974-12,-0.0976,0.582,0.277869287
GCAG,1975-01,0.1201,0.7997,0.381807678
GCAG,1975-02,0.0326,0.7122,0.340031797
GCAG,1975-03,0.1096,0.7892,0.376794572
GCAG,1975-04,0.0779,0.7575,0.361659768
GCAG,1975-05,0.0693,0.7489,0.357553795
GCAG,1975-06,0.0342,0.7138,0.340795699
GCAG,1975-07,0.0055,0.6851,0.32709321
GCAG,1975-08,-0.0671,0.6125,0.292431165
GCAG,1975-09,0.017,0.6966,0.332583755
GCAG,1975-10,-0.1236,0.556,0.265455882
GCAG,1975-11,-0.145,0.5346,0.255238695
GCAG,1975-12,-0.0895,0.5901,0.28173654
GCAG,1976-01,-0.0181,0.6615,0.315825659
GCAG,1976-02,-0.1221,0.5575,0.26617204
GCAG,1976-03,-0.2394,0.4402,0.210168488
GCAG,1976-04,-0.0223,0.6573,0.313820416
GCAG,1976-05,-0.1228,0.5568,0.265837833
GCAG,1976-06,-0.074,0.6056,0.289136839
GCAG,1976-07,-0.0846,0.595,0.284075989
GCAG,1976-08,-0.0894,0.5902,0.281784284
GCAG,1976-09,-0.0426,0.637,0.304128412
GCAG,1976-10,-0.1821,0.4975,0.237525722
GCAG,1976-11,-0.0432,0.6364,0.303841949
GCAG,1976-12,0.0906,0.7702,0.367723238
GCAG,1977-01,0.0639,0.7435,0.354975627
GCAG,1977-02,0.2384,0.918,0.438288669
GCAG,1977-03,0.3109,0.9905,0.47290297
GCAG,1977-04,0.282,0.9616,0.459104994
GCAG,1977-05,0.2368,0.9164,0.437524767
GCAG,1977-06,0.2474,0.927,0.442585617
GCAG,1977-07,0.1737,0.8533,0.407398389
GCAG,1977-08,0.1418,0.8214,0.392168097
GCAG,1977-09,0.1867,0.8663,0.413605091
GCAG,1977-10,0.1189,0.7985,0.381234752
GCAG,1977-11,0.2603,0.9399,0.448744575
GCAG,1977-12,0.1124,0.792,0.378131401
GCAG,1978-01,0.1606,0.8402,0.401143943
GCAG,1978-02,0.1306,0.8102,0.386820784
GCAG,1978-03,0.2228,0.9024,0.430840626
GCAG,1978-04,0.1324,0.812,0.387680173
GCAG,1978-05,0.0596,0.7392,0.352922641
GCAG,1978-06,0.0532,0.7328,0.349867033
GCAG,1978-07,0.0699,0.7495,0.357840259
GCAG,1978-08,0.0033,0.6829,0.326042845
GCAG,1978-09,0.0748,0.7544,0.360179708
GCAG,1978-10,0.0646,0.7442,0.355309834
GCAG,1978-11,0.2245,0.9041,0.431652272
GCAG,1978-12,0.1512,0.8308,0.39665602
GCAG,1979-01,0.1602,0.8398,0.400952968
GCAG,1979-02,0.0922,0.7718,0.36848714
GCAG,1979-03,0.243,0.9226,0.440484887
GCAG,1979-04,0.1112,0.7908,0.377558474
GCAG,1979-05,0.1569,0.8365,0.39937742
GCAG,1979-06,0.2183,0.8979,0.428692152
GCAG,1979-07,0.1746,0.8542,0.407828084
GCAG,1979-08,0.2263,0.9059,0.432511661
GCAG,1979-09,0.2519,0.9315,0.444734091
GCAG,1979-10,0.2945,0.9741,0.465072976
GCAG,1979-11,0.2953,0.9749,0.465454927
GCAG,1979-12,0.5032,1.1828,0.56471442
GCAG,1980-01,0.308,0.9876,0.471518398
GCAG,1980-02,0.3506,1.0302,0.491857284
GCAG,1980-03,0.2389,0.9185,0.438527388
GCAG,1980-04,0.3082,0.9878,0.471613886
GCAG,1980-05,0.316,0.9956,0.475337907
GCAG,1980-06,0.2474,0.927,0.442585617
GCAG,1980-07,0.2172,0.8968,0.42816697
GCAG,1980-08,0.1957,0.8753,0.417902039
GCAG,1980-09,0.2008,0.8804,0.420336976
GCAG,1980-10,0.1821,0.8617,0.411408874
GCAG,1980-11,0.3319,1.0115,0.482929182
GCAG,1980-12,0.2674,0.947,0.452134389
GCAG,1981-01,0.4656,1.1452,0.546762727
GCAG,1981-02,0.3629,1.0425,0.497729779
GCAG,1981-03,0.4083,1.0879,0.519405493
GCAG,1981-04,0.3579,1.0375,0.495342586
GCAG,1981-05,0.262,0.9416,0.449556221
GCAG,1981-06,0.2853,0.9649,0.460680541
GCAG,1981-07,0.2268,0.9064,0.432750381
GCAG,1981-08,0.2428,0.9224,0.440389399
GCAG,1981-09,0.186,0.8656,0.413270884
GCAG,1981-10,0.1687,0.8483,0.405011196
GCAG,1981-11,0.2119,0.8915,0.425636545
GCAG,1981-12,0.42,1.0996,0.524991525
GCAG,1982-01,0.1342,0.8138,0.388539563
GCAG,1982-02,0.1593,0.8389,0.400523273
GCAG,1982-03,0.0833,0.7629,0.364237936
GCAG,1982-04,0.2054,0.885,0.422533194
GCAG,1982-05,0.1923,0.8719,0.416278748
GCAG,1982-06,0.1231,0.8027,0.383239994
GCAG,1982-07,0.1436,0.8232,0.393027486
GCAG,1982-08,0.1406,0.8202,0.39159517
GCAG,1982-09,0.233,0.9126,0.4357105
GCAG,1982-10,0.1771,0.8567,0.40902168
GCAG,1982-11,0.151,0.8306,0.396560532
GCAG,1982-12,0.4355,1.1151,0.532391824
GCAG,1983-01,0.5169,1.1965,0.571255329
GCAG,1983-02,0.4834,1.163,0.555261135
GCAG,1983-03,0.4256,1.1052,0.527665182
GCAG,1983-04,0.2918,0.9714,0.463783892
GCAG,1983-05,0.2881,0.9677,0.462017369
GCAG,1983-06,0.2629,0.9425,0.449985916
GCAG,1983-07,0.2663,0.9459,0.451609207
GCAG,1983-08,0.3228,1.0024,0.47858449
GCAG,1983-09,0.3175,0.9971,0.476054065
GCAG,1983-10,0.2113,0.8909,0.425350082
GCAG,1983-11,0.4313,1.1109,0.530386582
GCAG,1983-12,0.2748,0.9544,0.455667435
GCAG,1984-01,0.2831,0.9627,0.459630176
GCAG,1984-02,0.1753,0.8549,0.408162291
GCAG,1984-03,0.272,0.9516,0.454330607
GCAG,1984-04,0.1503,0.8299,0.396226325
GCAG,1984-05,0.2834,0.963,0.459773408
GCAG,1984-06,0.1306,0.8102,0.386820784
GCAG,1984-07,0.1193,0.7989,0.381425727
GCAG,1984-08,0.1687,0.8483,0.405011196
GCAG,1984-09,0.1431,0.8227,0.392788767
GCAG,1984-10,0.1187,0.7983,0.381139264
GCAG,1984-11,0.0365,0.7161,0.341893808
GCAG,1984-12,-0.0926,0.587,0.28025648
GCAG,1985-01,0.1783,0.8579,0.409594607
GCAG,1985-02,0.0176,0.6972,0.332870218
GCAG,1985-03,0.1875,0.8671,0.413987042
GCAG,1985-04,0.1488,0.8284,0.395510167
GCAG,1985-05,0.1959,0.8755,0.417997527
GCAG,1985-06,0.129,0.8086,0.386056882
GCAG,1985-07,0.0779,0.7575,0.361659768
GCAG,1985-08,0.1287,0.8083,0.38591365
GCAG,1985-09,0.101,0.7806,0.3726886
GCAG,1985-10,0.1303,0.8099,0.386677552
GCAG,1985-11,0.1181,0.7977,0.380852801
GCAG,1985-12,0.1978,0.8774,0.41890466
GCAG,1986-01,0.3249,1.0045,0.479587111
GCAG,1986-02,0.2788,0.9584,0.45757719
GCAG,1986-03,0.2966,0.9762,0.466075598
GCAG,1986-04,0.2613,0.9409,0.449222014
GCAG,1986-05,0.2507,0.9303,0.444161164
GCAG,1986-06,0.2534,0.933,0.445450249
GCAG,1986-07,0.1686,0.8482,0.404963452
GCAG,1986-08,0.1698,0.8494,0.405536378
GCAG,1986-09,0.1716,0.8512,0.406395768
GCAG,1986-10,0.2066,0.8862,0.42310612
GCAG,1986-11,0.1548,0.8344,0.398374799
GCAG,1986-12,0.2179,0.8975,0.428501177
GCAG,1987-01,0.3115,0.9911,0.473189433
GCAG,1987-02,0.5028,1.1824,0.564523445
GCAG,1987-03,0.2541,0.9337,0.445784456
GCAG,1987-04,0.3009,0.9805,0.468128584
GCAG,1987-05,0.3339,1.0135,0.483884059
GCAG,1987-06,0.3013,0.9809,0.468319559
GCAG,1987-07,0.4182,1.0978,0.524132136
GCAG,1987-08,0.3832,1.0628,0.507421784
GCAG,1987-09,0.4321,1.1117,0.530768533
GCAG,1987-10,0.3347,1.0143,0.48426601
GCAG,1987-11,0.3306,1.0102,0.482308511
GCAG,1987-12,0.5316,1.2112,0.578273677
GCAG,1988-01,0.5487,1.2283,0.586437878
GCAG,1988-02,0.3901,1.0697,0.51071611
GCAG,1988-03,0.4828,1.1624,0.554974672
GCAG,1988-04,0.4426,1.1222,0.535781639
GCAG,1988-05,0.3811,1.0607,0.506419162
GCAG,1988-06,0.3865,1.0661,0.508997331
GCAG,1988-07,0.3431,1.0227,0.488276494
GCAG,1988-08,0.3199,0.9995,0.477199918
GCAG,1988-09,0.3211,1.0007,0.477772844
GCAG,1988-10,0.3009,0.9805,0.468128584
GCAG,1988-11,0.2291,0.9087,0.43384849
GCAG,1988-12,0.3626,1.0422,0.497586548
GCAG,1989-01,0.2157,0.8953,0.427450812
GCAG,1989-02,0.3072,0.9868,0.471136447
GCAG,1989-03,0.336,1.0156,0.48488668
GCAG,1989-04,0.2891,0.9687,0.462494808
GCAG,1989-05,0.2779,0.9575,0.457147495
GCAG,1989-06,0.2727,0.9523,0.454664814
GCAG,1989-07,0.3016,0.9812,0.468462791
GCAG,1989-08,0.3021,0.9817,0.46870151
GCAG,1989-09,0.3019,0.9815,0.468606022
GCAG,1989-10,0.3044,0.984,0.469799619
GCAG,1989-11,0.2541,0.9337,0.445784456
GCAG,1989-12,0.4013,1.0809,0.516063423
GCAG,1990-01,0.3613,1.0409,0.496965877
GCAG,1990-02,0.4072,1.0868,0.518880311
GCAG,1990-03,0.7328,1.4124,0.674334331
GCAG,1990-04,0.4907,1.1703,0.558746437
GCAG,1990-05,0.4274,1.107,0.528524571
GCAG,1990-06,0.4114,1.091,0.520885553
GCAG,1990-07,0.3453,1.0249,0.489326859
GCAG,1990-08,0.3479,1.0275,0.4905682
GCAG,1990-09,0.3144,0.994,0.474574005
GCAG,1990-10,0.4277,1.1073,0.528667803
GCAG,1990-11,0.4797,1.1593,0.553494612
GCAG,1990-12,0.4481,1.1277,0.538407551
GCAG,1991-01,0.4512,1.1308,0.539887611
GCAG,1991-02,0.4661,1.1457,0.547001447
GCAG,1991-03,0.3658,1.0454,0.499114351
GCAG,1991-04,0.5168,1.1964,0.571207586
GCAG,1991-05,0.4107,1.0903,0.520551346
GCAG,1991-06,0.4813,1.1609,0.554258514
GCAG,1991-07,0.4462,1.1258,0.537500418
GCAG,1991-08,0.388,1.0676,0.509713489
GCAG,1991-09,0.3863,1.0659,0.508901843
GCAG,1991-10,0.3292,1.0088,0.481640097
GCAG,1991-11,0.3175,0.9971,0.476054065
GCAG,1991-12,0.3064,0.986,0.470754496
GCAG,1992-01,0.4721,1.1517,0.549866078
GCAG,1992-02,0.4485,1.1281,0.538598527
GCAG,1992-03,0.4333,1.1129,0.531341459
GCAG,1992-04,0.2936,0.9732,0.464643282
GCAG,1992-05,0.3276,1.0072,0.480876195
GCAG,1992-06,0.2821,0.9617,0.459152737
GCAG,1992-07,0.1359,0.8155,0.389351209
GCAG,1992-08,0.1405,0.8201,0.391547426
GCAG,1992-09,0.0588,0.7384,0.35254069
GCAG,1992-10,0.1154,0.795,0.379563717
GCAG,1992-11,0.0943,0.7739,0.369489761
GCAG,1992-12,0.2833,0.9629,0.459725664
GCAG,1993-01,0.384,1.0636,0.507803735
GCAG,1993-02,0.3967,1.0763,0.513867205
GCAG,1993-03,0.4208,1.1004,0.525373476
GCAG,1993-04,0.3155,0.9951,0.475099188
GCAG,1993-05,0.3438,1.0234,0.488610701
GCAG,1993-06,0.293,0.9726,0.464356819
GCAG,1993-07,0.2336,0.9132,0.435996963
GCAG,1993-08,0.2118,0.8914,0.425588801
GCAG,1993-09,0.1692,0.8488,0.405249915
GCAG,1993-10,0.2442,0.9238,0.441057813
GCAG,1993-11,0.092,0.7716,0.368391652
GCAG,1993-12,0.3188,0.9984,0.476674735
GCAG,1994-01,0.2902,0.9698,0.46301999
GCAG,1994-02,0.0791,0.7587,0.362232694
GCAG,1994-03,0.3568,1.0364,0.494817404
GCAG,1994-04,0.3568,1.0364,0.494817404
GCAG,1994-05,0.3819,1.0615,0.506801113
GCAG,1994-06,0.387,1.0666,0.50923605
GCAG,1994-07,0.3155,0.9951,0.475099188
GCAG,1994-08,0.3119,0.9915,0.473380409
GCAG,1994-09,0.33,1.0096,0.482022048
GCAG,1994-10,0.4273,1.1069,0.528476828
GCAG,1994-11,0.453,1.1326,0.540747
GCAG,1994-12,0.4009,1.0805,0.515872447
GCAG,1995-01,0.5487,1.2283,0.586437878
GCAG,1995-02,0.6895,1.3691,0.653661238
GCAG,1995-03,0.4637,1.1433,0.545855594
GCAG,1995-04,0.4097,1.0893,0.520073908
GCAG,1995-05,0.3537,1.0333,0.493337344
GCAG,1995-06,0.4657,1.1453,0.546810471
GCAG,1995-07,0.4295,1.1091,0.529527193
GCAG,1995-08,0.5056,1.1852,0.565860273
GCAG,1995-09,0.3865,1.0661,0.508997331
GCAG,1995-10,0.4376,1.1172,0.533394445
GCAG,1995-11,0.455,1.1346,0.541701878
GCAG,1995-12,0.3477,1.0273,0.490472712
GCAG,1996-01,0.2625,0.9421,0.44979494
GCAG,1996-02,0.4562,1.1358,0.542274804
GCAG,1996-03,0.3242,1.0038,0.479252904
GCAG,1996-04,0.2725,0.9521,0.454569326
GCAG,1996-05,0.3908,1.0704,0.511050317
GCAG,1996-06,0.3547,1.0343,0.493814782
GCAG,1996-07,0.3238,1.0034,0.479061929
GCAG,1996-08,0.3206,1.0002,0.477534125
GCAG,1996-09,0.2696,0.9492,0.453184754
GCAG,1996-10,0.2276,0.9072,0.433132332
GCAG,1996-11,0.2816,0.9612,0.458914018
GCAG,1996-12,0.3893,1.0689,0.510334159
GCAG,1997-01,0.3746,1.0542,0.503315811
GCAG,1997-02,0.4288,1.1084,0.529192985
GCAG,1997-03,0.4617,1.1413,0.544900717
GCAG,1997-04,0.4551,1.1347,0.541749622
GCAG,1997-05,0.4235,1.1031,0.526662561
GCAG,1997-06,0.5308,1.2104,0.577891726
GCAG,1997-07,0.5101,1.1897,0.568008747
GCAG,1997-08,0.5491,1.2287,0.586628854
GCAG,1997-09,0.625,1.3046,0.622866446
GCAG,1997-10,0.6487,1.3283,0.634181742
GCAG,1997-11,0.5865,1.2661,0.604485059
GCAG,1997-12,0.6302,1.3098,0.625349127
GCAG,1998-01,0.6042,1.2838,0.612935722
GCAG,1998-02,0.866,1.5456,0.737929158
GCAG,1998-03,0.6396,1.3192,0.62983705
GCAG,1998-04,0.7358,1.4154,0.675766647
GCAG,1998-05,0.6679,1.3475,0.643348564
GCAG,1998-06,0.6657,1.3453,0.642298199
GCAG,1998-07,0.7358,1.4154,0.675766647
GCAG,1998-08,0.6816,1.3612,0.649889473
GCAG,1998-09,0.5271,1.2067,0.576125204
GCAG,1998-10,0.4965,1.1761,0.561515581
GCAG,1998-11,0.4132,1.0928,0.521744943
GCAG,1998-12,0.5796,1.2592,0.601190732
GCAG,1999-01,0.5007,1.1803,0.563520823
GCAG,1999-02,0.6733,1.3529,0.645926732
GCAG,1999-03,0.3702,1.0498,0.501215081
GCAG,1999-04,0.459,1.1386,0.543611632
GCAG,1999-05,0.4086,1.0882,0.519548725
GCAG,1999-06,0.4203,1.0999,0.525134757
GCAG,1999-07,0.4029,1.0825,0.516827325
GCAG,1999-08,0.3695,1.0491,0.500880874
GCAG,1999-09,0.3976,1.0772,0.5142969
GCAG,1999-10,0.3773,1.0569,0.504604896
GCAG,1999-11,0.3688,1.0484,0.500546667
GCAG,1999-12,0.5779,1.2575,0.600379086
GCAG,2000-01,0.3467,1.0263,0.489995273
GCAG,2000-02,0.5439,1.2235,0.584146173
GCAG,2000-03,0.5561,1.2357,0.589970924
GCAG,2000-04,0.6311,1.3107,0.625778822
GCAG,2000-05,0.4657,1.1453,0.546810471
GCAG,2000-06,0.4076,1.0872,0.519071286
GCAG,2000-07,0.3919,1.0715,0.5115755
GCAG,2000-08,0.4557,1.1353,0.542036085
GCAG,2000-09,0.4384,1.118,0.533776396
GCAG,2000-10,0.3027,0.9823,0.468987973
GCAG,2000-11,0.2557,0.9353,0.446548357
GCAG,2000-12,0.3192,0.9988,0.476865711
GCAG,2001-01,0.472,1.1516,0.549818335
GCAG,2001-02,0.3946,1.0742,0.512864584
GCAG,2001-03,0.6293,1.3089,0.624919432
GCAG,2001-04,0.5666,1.2462,0.59498403
GCAG,2001-05,0.5997,1.2793,0.610787249
GCAG,2001-06,0.5373,1.2169,0.580995078
GCAG,2001-07,0.5586,1.2382,0.591164521
GCAG,2001-08,0.6032,1.2828,0.612458284
GCAG,2001-09,0.505,1.1846,0.56557381
GCAG,2001-10,0.5006,1.1802,0.56347308
GCAG,2001-11,0.688,1.3676,0.65294508
GCAG,2001-12,0.5128,1.1924,0.569297831
GCAG,2002-01,0.6962,1.3758,0.656860077
GCAG,2002-02,0.7846,1.4642,0.699065653
GCAG,2002-03,0.7887,1.4683,0.701023151
GCAG,2002-04,0.5725,1.2521,0.597800918
GCAG,2002-05,0.5656,1.2452,0.594506591
GCAG,2002-06,0.589,1.2686,0.605678655
GCAG,2002-07,0.6229,1.3025,0.621863825
GCAG,2002-08,0.5359,1.2155,0.580326664
GCAG,2002-09,0.5661,1.2457,0.59474531
GCAG,2002-10,0.4773,1.1569,0.552348759
GCAG,2002-11,0.5918,1.2714,0.607015483
GCAG,2002-12,0.4366,1.1162,0.532917007
GCAG,2003-01,0.6907,1.3703,0.654234165
GCAG,2003-02,0.5626,1.2422,0.593074275
GCAG,2003-03,0.5702,1.2498,0.596702809
GCAG,2003-04,0.5601,1.2397,0.591880679
GCAG,2003-05,0.5954,1.275,0.608734262
GCAG,2003-06,0.5381,1.2177,0.581377029
GCAG,2003-07,0.5408,1.2204,0.582666113
GCAG,2003-08,0.6202,1.2998,0.620574741
GCAG,2003-09,0.6412,1.3208,0.630600952
GCAG,2003-10,0.7271,1.4067,0.671612931
GCAG,2003-11,0.5784,1.258,0.600617806
GCAG,2003-12,0.7361,1.4157,0.675909879
GCAG,2004-01,0.5979,1.2775,0.609927859
GCAG,2004-02,0.7232,1.4028,0.66975092
GCAG,2004-03,0.6964,1.376,0.656955565
GCAG,2004-04,0.594,1.2736,0.608065848
GCAG,2004-05,0.4442,1.1238,0.53654554
GCAG,2004-06,0.4707,1.1503,0.549197664
GCAG,2004-07,0.4806,1.1602,0.553924307
GCAG,2004-08,0.5141,1.1937,0.569918501
GCAG,2004-09,0.5331,1.2127,0.578989835
GCAG,2004-10,0.6177,1.2973,0.619381144
GCAG,2004-11,0.7601,1.4397,0.687368406
GCAG,2004-12,0.5081,1.1877,0.567053869
GCAG,2005-01,0.6223,1.3019,0.621577362
GCAG,2005-02,0.5143,1.1939,0.570013989
GCAG,2005-03,0.6918,1.3714,0.654759347
GCAG,2005-04,0.7314,1.411,0.673665917
GCAG,2005-05,0.6573,1.3369,0.638287714
GCAG,2005-06,0.6722,1.3518,0.64540155
GCAG,2005-07,0.6572,1.3368,0.63823997
GCAG,2005-08,0.6247,1.3043,0.622723214
GCAG,2005-09,0.6867,1.3663,0.65232441
GCAG,2005-10,0.693,1.3726,0.655332273
GCAG,2005-11,0.728,1.4076,0.672042626
GCAG,2005-12,0.6235,1.3031,0.622150288
GCAG,2006-01,0.4567,1.1363,0.542513523
GCAG,2006-02,0.6221,1.3017,0.621481874
GCAG,2006-03,0.5931,1.2727,0.607636154
GCAG,2006-04,0.5177,1.1973,0.57163728
GCAG,2006-05,0.5499,1.2295,0.587010804
GCAG,2006-06,0.6399,1.3195,0.629980282
GCAG,2006-07,0.6218,1.3014,0.621338642
GCAG,2006-08,0.6231,1.3027,0.621959313
GCAG,2006-09,0.6337,1.3133,0.627020162
GCAG,2006-10,0.6774,1.357,0.647884231
GCAG,2006-11,0.6449,1.3245,0.632367475
GCAG,2006-12,0.7692,1.4488,0.691713098
GCAG,2007-01,0.8839,1.5635,0.746475309
GCAG,2007-02,0.6609,1.3405,0.640006493
GCAG,2007-03,0.6668,1.3464,0.642823381
GCAG,2007-04,0.7336,1.4132,0.674716282
GCAG,2007-05,0.609,1.2886,0.615227428
GCAG,2007-06,0.5374,1.217,0.581042821
GCAG,2007-07,0.5286,1.2082,0.576841361
GCAG,2007-08,0.5509,1.2305,0.587488243
GCAG,2007-09,0.5775,1.2571,0.600188111
GCAG,2007-10,0.567,1.2466,0.595175005
GCAG,2007-11,0.5172,1.1968,0.571398561
GCAG,2007-12,0.4872,1.1668,0.557075402
GCAG,2008-01,0.2746,0.9542,0.455571948
GCAG,2008-02,0.3774,1.057,0.50465264
GCAG,2008-03,0.7625,1.4421,0.688514259
GCAG,2008-04,0.4827,1.1623,0.554926928
GCAG,2008-05,0.5011,1.1807,0.563711799
GCAG,2008-06,0.5314,1.211,0.57817819
GCAG,2008-07,0.5796,1.2592,0.601190732
GCAG,2008-08,0.5594,1.239,0.591546471
GCAG,2008-09,0.5318,1.2114,0.578369165
GCAG,2008-10,0.669,1.3486,0.643873746
GCAG,2008-11,0.6703,1.3499,0.644494416
GCAG,2008-12,0.5635,1.2431,0.59350397
GCAG,2009-01,0.5955,1.2751,0.608782006
GCAG,2009-02,0.5679,1.2475,0.5956047
GCAG,2009-03,0.5794,1.259,0.601095244
GCAG,2009-04,0.6539,1.3335,0.636664423
GCAG,2009-05,0.5868,1.2664,0.60462829
GCAG,2009-06,0.6741,1.3537,0.646308683
GCAG,2009-07,0.6439,1.3235,0.631890036
GCAG,2009-08,0.6998,1.3794,0.658578856
GCAG,2009-09,0.7083,1.3879,0.662637085
GCAG,2009-10,0.6418,1.3214,0.630887415
GCAG,2009-11,0.6716,1.3512,0.645115087
GCAG,2009-12,0.6176,1.2972,0.6193334
GCAG,2010-01,0.6958,1.3754,0.656669102
GCAG,2010-02,0.708,1.3876,0.662493853
GCAG,2010-03,0.847,1.5266,0.728857824
GCAG,2010-04,0.8287,1.5083,0.720120696
GCAG,2010-05,0.7582,1.4378,0.686461273
GCAG,2010-06,0.7339,1.4135,0.674859514
GCAG,2010-07,0.7287,1.4083,0.672376833
GCAG,2010-08,0.6595,1.3391,0.639338079
GCAG,2010-09,0.5724,1.252,0.597753174
GCAG,2010-10,0.6268,1.3064,0.623725836
GCAG,2010-11,0.7682,1.4478,0.691235659
GCAG,2010-12,0.4894,1.169,0.558125767
GCAG,2011-01,0.4706,1.1502,0.549149921
GCAG,2011-02,0.4976,1.1772,0.562040764
GCAG,2011-03,0.5915,1.2711,0.606872252
GCAG,2011-04,0.6522,1.3318,0.635852777
GCAG,2011-05,0.5741,1.2537,0.598564819
GCAG,2011-06,0.6465,1.3261,0.633131377
GCAG,2011-07,0.6282,1.3078,0.62439425
GCAG,2011-08,0.616,1.2956,0.618569498
GCAG,2011-09,0.5998,1.2794,0.610834992
GCAG,2011-10,0.6349,1.3145,0.627593089
GCAG,2011-11,0.4857,1.1653,0.556359244
GCAG,2011-12,0.5485,1.2281,0.58634239
GCAG,2012-01,0.4228,1.1024,0.526328354
GCAG,2012-02,0.4235,1.1031,0.526662561
GCAG,2012-03,0.5218,1.2014,0.573594779
GCAG,2012-04,0.7335,1.4131,0.674668538
GCAG,2012-05,0.7221,1.4017,0.669225738
GCAG,2012-06,0.7039,1.3835,0.660536355
GCAG,2012-07,0.6884,1.368,0.653136056
GCAG,2012-08,0.6694,1.349,0.644064722
GCAG,2012-09,0.7266,1.4062,0.671374212
GCAG,2012-10,0.7022,1.3818,0.659724709
GCAG,2012-11,0.7087,1.3883,0.66282806
GCAG,2012-12,0.4655,1.1451,0.546714983
GCAG,2013-01,0.5873,1.2669,0.604867009
GCAG,2013-02,0.6357,1.3153,0.62797504
GCAG,2013-03,0.6139,1.2935,0.617566877
GCAG,2013-04,0.561,1.2406,0.592310373
GCAG,2013-05,0.7141,1.3937,0.665406229
GCAG,2013-06,0.6838,1.3634,0.650939838
GCAG,2013-07,0.6662,1.3458,0.642536918
GCAG,2013-08,0.6605,1.3401,0.639815518
GCAG,2013-09,0.6857,1.3653,0.651846971
GCAG,2013-10,0.6787,1.3583,0.648504901
GCAG,2013-11,0.8293,1.5089,0.72040716
GCAG,2013-12,0.6981,1.3777,0.65776721
GCAG,2014-01,0.6936,1.3732,0.655618737
GCAG,2014-02,0.48,1.1596,0.553637844
GCAG,2014-03,0.7695,1.4491,0.691856329
GCAG,2014-04,0.8006,1.4802,0.706704671
GCAG,2014-05,0.7938,1.4734,0.703458088
GCAG,2014-06,0.7623,1.4419,0.688418771
GCAG,2014-07,0.6988,1.3784,0.658101418
GCAG,2014-08,0.7986,1.4782,0.705749794
GCAG,2014-09,0.7872,1.4668,0.700306993
GCAG,2014-10,0.7851,1.4647,0.699304372
GCAG,2014-11,0.6895,1.3691,0.653661238
GCAG,2014-12,0.8308,1.5104,0.721123318
GCAG,2015-01,0.8141,1.4937,0.713150092
GCAG,2015-02,0.8843,1.5639,0.746666285
GCAG,2015-03,0.8969,1.5765,0.752682012
GCAG,2015-04,0.7741,1.4537,0.694052547
GCAG,2015-05,0.8584,1.538,0.734300624
GCAG,2015-06,0.8835,1.5631,0.746284334
GCAG,2015-07,0.8072,1.4868,0.709855766
GCAG,2015-08,0.8746,1.5542,0.74203513
GCAG,2015-09,0.926,1.6056,0.766575476
GCAG,2015-10,0.9913,1.6709,0.797752219
GCAG,2015-11,0.9655,1.6451,0.785434302
GCAG,2015-12,1.1219,1.8015,0.860105705
GCAG,2016-01,1.0569,1.7365,0.829072193
GCAG,2016-02,1.1921,1.8717,0.893621897
GCAG,2016-03,1.2245,1.9041,0.909090909
GCAG,2016-04,1.0733,1.7529,0.836902187
GCAG,2016-05,0.8738,1.5534,0.741653179
GCAG,2016-06,0.9006,1.5802,0.754448535
GCAG,2016-07,0.8687,1.5483,0.739218242
GCAG,2016-08,0.8998,1.5794,0.754066584
GCAG,2016-09,0.8767,1.5563,0.743037751
GCAG,2016-10,0.7292,1.4088,0.672615552
GCAG,2016-11,0.7504,1.43,0.682737251
GCAG,2016-12,0.7895,1.4691,0.701405102
