date,values,normalized,,
2/8/2013,56.46,0.777214911,,
2/9/2013,56.48,0.777490226,,
2/10/2013,56.5,0.777765542,,
2/11/2013,56.52,0.778040857,,
2/12/2013,56.4,0.776388965,,
2/13/2013,56.86,0.782721216,,
2/14/2013,56.79,0.781757612,,
2/15/2013,56.81,0.782032928,,
2/16/2013,56.8225,0.782205,,
2/17/2013,56.835,0.782377072,,
2/18/2013,56.8475,0.782549144,,
2/19/2013,56.86,0.782721216,,
2/20/2013,56.9,0.783271846,,
2/21/2013,55.34,0.761797258,,
2/22/2013,54.96,0.756566268,,
2/23/2013,55.11003333,0.758631591,,
2/24/2013,55.26006667,0.760696915,,
2/25/2013,55.4101,0.762762238,,
2/26/2013,53.77,0.740185012,,
2/27/2013,54.02,0.743626452,,
2/28/2013,54.5,0.750234018,,
3/1/2013,54.59,0.751472937,,
3/2/2013,54.50666667,0.75032579,,
3/3/2013,54.42333333,0.749178643,,
3/4/2013,54.34,0.748031496,,
3/5/2013,55.55,0.764688068,,
3/6/2013,54.98,0.756841584,,
3/7/2013,53.69,0.739083751,,
3/8/2013,53.18,0.732063212,,
3/9/2013,53.15333333,0.731696125,,
3/10/2013,53.12666667,0.731329038,,
3/11/2013,53.1,0.730961951,,
3/12/2013,51.7,0.711689885,,
3/13/2013,52.96,0.729034745,,
3/14/2013,51.79,0.712928803,,
3/15/2013,51.72,0.7119652,,
3/16/2013,51.1,0.703430428,,
3/17/2013,50.48,0.694895656,,
3/18/2013,49.86,0.686360883,,
3/19/2013,51,0.702053852,,
3/20/2013,51.67,0.711276912,,
3/21/2013,52.2,0.718572766,,
3/22/2013,53.01,0.729723033,,
3/23/2013,53.14,0.731512582,,
3/24/2013,53.27,0.733302131,,
3/25/2013,53.4,0.73509168,,
3/26/2013,51.67,0.711276912,,
3/27/2013,51.66,0.711139254,,
3/28/2013,52.04,0.716370244,,
3/29/2013,52.94,0.72875943,,
3/30/2013,53.84,0.741148615,,
3/31/2013,54.74,0.753537801,,
4/1/2013,55.64,0.765926986,,
4/2/2013,56.26,0.774461759,,
4/3/2013,55.81,0.768267166,,
4/4/2013,55.34,0.761797258,,
4/5/2013,54.73,0.753400143,,
4/6/2013,54.96,0.756566268,,
4/7/2013,55.19,0.759732394,,
4/8/2013,55.42,0.762898519,,
4/9/2013,55.44,0.763173834,,
4/10/2013,56.33,0.775425362,,
4/11/2013,57.42,0.790430042,,
4/12/2013,57.9,0.797037608,,
4/13/2013,57.59333333,0.792816108,,
4/14/2013,57.28666667,0.788594608,,
4/15/2013,56.98,0.784373107,,
4/16/2013,56.19,0.773498155,,
4/17/2013,56.49,0.777627884,,
4/18/2013,53.85,0.741286273,,
4/19/2013,52.77,0.72641925,,
4/20/2013,52.56,0.72352844,,
4/21/2013,52.35,0.72063763,,
4/22/2013,52.14,0.71774682,,
4/23/2013,51.96,0.715268983,,
4/24/2013,53,0.729585375,,
4/25/2013,53.31,0.733852761,,
4/26/2013,52.4,0.721325918,,
4/27/2013,52.47,0.722289522,,
4/28/2013,52.54,0.723253125,,
4/29/2013,52.61,0.724216728,,
4/30/2013,52.6701,0.72504405,,
5/1/2013,52.38,0.721050603,,
5/2/2013,52.42,0.721601233,,
5/3/2013,54,0.743351137,,
5/4/2013,54.02,0.743626452,,
5/5/2013,54.04,0.743901768,,
5/6/2013,54.06,0.744177083,,
5/7/2013,53.93,0.742387534,,
5/8/2013,54.01,0.743488795,,
5/9/2013,54.99,0.756979241,,
5/10/2013,55.39,0.762485546,,
5/11/2013,55.52333333,0.764320981,,
5/12/2013,55.65666667,0.766156416,,
5/13/2013,55.79,0.767991851,,
5/14/2013,55.15,0.759181763,,
5/15/2013,56.27,0.774599416,,
5/16/2013,56.8,0.78189527,,
5/17/2013,56.49,0.777627884,,
5/18/2013,56.51333333,0.777949085,,
5/19/2013,56.53666667,0.778270286,,
5/20/2013,56.56,0.778591487,,
5/21/2013,55.96,0.77033203,,
5/22/2013,55.32,0.761521943,,
5/23/2013,53.69,0.739083751,,
5/24/2013,53.8,0.740597985,,
5/25/2013,54.1625,0.745588073,,
5/26/2013,54.525,0.750578162,,
5/27/2013,54.8875,0.755568251,,
5/28/2013,55.25,0.760558339,,
5/29/2013,55.15,0.759181763,,
5/30/2013,55.01,0.757254556,,
5/31/2013,54.7,0.75298717,,
6/1/2013,54.42,0.749132757,,
6/2/2013,54.14,0.745278344,,
6/3/2013,53.86,0.74142393,,
6/4/2013,53.74,0.739772039,,
6/5/2013,52.57,0.723666098,,
6/6/2013,51.15,0.704118716,,
6/7/2013,51.95,0.715131325,,
6/8/2013,51.9,0.714443037,,
6/9/2013,51.85,0.713754749,,
6/10/2013,51.8,0.713066461,,
6/11/2013,52.25,0.719261054,,
6/12/2013,52.34,0.720499972,,
6/13/2013,50.71,0.698061781,,
6/14/2013,51.5,0.708936733,,
6/15/2013,51.63333333,0.710772167,,
6/16/2013,51.76666667,0.712607602,,
6/17/2013,51.9,0.714443037,,
6/18/2013,52.21,0.718710423,,
6/19/2013,52.64,0.724629701,,
6/20/2013,51.79,0.712928803,,
6/21/2013,50.81,0.699438357,,
6/22/2013,50.81666667,0.699530129,,
6/23/2013,50.82333333,0.6996219,,
6/24/2013,50.83,0.699713672,,
6/25/2013,51.34,0.706734211,,
6/26/2013,52.03,0.716232586,,
6/27/2013,51.77,0.712653488,,
6/28/2013,51.59,0.710175651,,
6/29/2013,51.79333333,0.712974689,,
6/30/2013,51.99666667,0.715773728,,
7/1/2013,52.2,0.718572766,,
7/2/2013,53.02,0.72986069,,
7/3/2013,52.85,0.727520511,,
7/4/2013,53.31,0.733852761,,
7/5/2013,53.77,0.740185012,,
7/6/2013,53.94,0.742525191,,
7/7/2013,54.11,0.744865371,,
7/8/2013,54.28,0.74720555,,
7/9/2013,54.12,0.745003028,,
7/10/2013,54.66,0.75243654,,
7/11/2013,55.36,0.762072573,,
7/12/2013,55.8,0.768129508,,
7/13/2013,56.20666667,0.773727585,,
7/14/2013,56.61333333,0.779325661,,
7/15/2013,57.02,0.784923738,,
7/16/2013,56.83,0.782308243,,
7/17/2013,56.85,0.782583558,,
7/18/2013,53.58,0.737569517,,
7/19/2013,53.75,0.739909697,,
7/20/2013,53.30666667,0.733806876,,
7/21/2013,52.86333333,0.727704054,,
7/22/2013,52.42,0.721601233,,
7/23/2013,52.38,0.721050603,,
7/24/2013,51.61,0.710450966,,
7/25/2013,52,0.715819613,,
7/26/2013,51.42,0.707835472,,
7/27/2013,51.64666667,0.710955711,,
7/28/2013,51.87333333,0.71407595,,
7/29/2013,52.1,0.71719619,,
7/30/2013,51.98,0.715544298,,
7/31/2013,52.18,0.718297451,,
8/1/2013,52.14,0.71774682,,
8/2/2013,52.45,0.722014206,,
8/3/2013,52.51,0.722840152,,
8/4/2013,52.57,0.723666098,,
8/5/2013,52.63,0.724492043,,
8/6/2013,52.71,0.725593304,,
8/7/2013,53.43,0.735504653,,
8/8/2013,53.53,0.736881229,,
8/9/2013,53.54,0.737018887,,
8/10/2013,53.27666667,0.733393903,,
8/11/2013,53.01333333,0.729768919,,
8/12/2013,52.75,0.726143935,,
8/13/2013,53.74,0.739772039,,
8/14/2013,54.14,0.745278344,,
8/15/2013,53.39,0.734954022,,
8/16/2013,53.09,0.730824294,,
8/17/2013,52.97333333,0.729218288,,
8/18/2013,52.85666667,0.727612283,,
8/19/2013,52.74,0.726006277,,
8/20/2013,52.3,0.719949342,,
8/21/2013,51.735,0.712171687,,
8/22/2013,51.2,0.704807004,,
8/23/2013,51.2232,0.70512637,,
8/24/2013,51.37213333,0.70717655,,
8/25/2013,51.52106667,0.709226731,,
8/26/2013,51.67,0.711276912,,
8/27/2013,51.24,0.705357634,,
8/28/2013,50.75,0.698612411,,
8/29/2013,50.22,0.691316557,,
8/30/2013,51.09,0.70329277,,
8/31/2013,50.9625,0.701537636,,
9/1/2013,50.835,0.699782501,,
9/2/2013,50.7075,0.698027366,,
9/3/2013,50.58,0.696272232,,
9/4/2013,50.75,0.698612411,,
9/5/2013,51.48,0.708661417,,
9/6/2013,52.53,0.723115467,,
9/7/2013,52.61333333,0.724262614,,
9/8/2013,52.69666667,0.725409761,,
9/9/2013,52.78,0.726556908,,
9/10/2013,53.05,0.730273663,,
9/11/2013,53,0.729585375,,
9/12/2013,54.46,0.749683387,,
9/13/2013,54.19,0.745966632,,
9/14/2013,54.28666667,0.747297322,,
9/15/2013,54.38333333,0.748628012,,
9/16/2013,54.48,0.749958703,,
9/17/2013,53.96,0.742800507,,
9/18/2013,54.31,0.747618523,,
9/19/2013,54.98,0.756841584,,
9/20/2013,54.6,0.751610594,,
9/21/2013,54.73666667,0.753491915,,
9/22/2013,54.87333333,0.755373236,,
9/23/2013,55.01,0.757254556,,
9/24/2013,55,0.757116899,,
9/25/2013,55.02,0.757392214,,
9/26/2013,54.63,0.752023567,,
9/27/2013,56.1,0.772259237,,
9/28/2013,55.82333333,0.768450709,,
9/29/2013,55.54666667,0.764642182,,
9/30/2013,55.27,0.760833655,,
10/1/2013,55.65,0.766064644,,
10/2/2013,55.57,0.764963383,,
10/3/2013,55.5,0.76399978,,
10/4/2013,55.06,0.757942845,,
10/5/2013,55.00666667,0.757208671,,
10/6/2013,54.95333333,0.756474497,,
10/7/2013,54.9,0.755740323,,
10/8/2013,54.515,0.750440504,,
10/9/2013,53.13,0.731374924,,
10/10/2013,52.88,0.727933484,,
10/11/2013,53.55,0.737156544,,
10/12/2013,53.73666667,0.739726153,,
10/13/2013,53.92333333,0.742295762,,
10/14/2013,54.11,0.744865371,,
10/15/2013,54.59,0.751472937,,
10/16/2013,54.44,0.749408072,,
10/17/2013,50.33,0.692830791,,
10/18/2013,51.58,0.710037994,,
10/19/2013,51.86333333,0.713938293,,
10/20/2013,52.14666667,0.717838592,,
10/21/2013,52.43,0.721738891,,
10/22/2013,52.31,0.720087,,
10/23/2013,51.75,0.712378173,,
10/24/2013,52.07,0.716783217,,
10/25/2013,52.59,0.723941413,,
10/26/2013,52.32666667,0.720316429,,
10/27/2013,52.06333333,0.716691445,,
10/28/2013,51.8,0.713066461,,
10/29/2013,52.29,0.719811684,,
10/30/2013,53.51,0.736605914,,
10/31/2013,52.73,0.72586862,,
11/1/2013,52.94,0.72875943,,
11/2/2013,52.62333333,0.724400272,,
11/3/2013,52.30666667,0.720041114,,
11/4/2013,51.99,0.715681956,,
11/5/2013,51.27,0.705770607,,
11/6/2013,51.57,0.709900336,,
11/7/2013,53.5,0.736468256,,
11/8/2013,52.84,0.727382853,,
11/9/2013,52.77,0.72641925,,
11/10/2013,52.7,0.725455647,,
11/11/2013,52.63,0.724492043,,
11/12/2013,52.05,0.716507902,,
11/13/2013,52.6,0.724079071,,
11/14/2013,53.1,0.730961951,,
11/15/2013,53.02,0.72986069,,
11/16/2013,52.79,0.726694565,,
11/17/2013,52.56,0.72352844,,
11/18/2013,52.33,0.720362315,,
11/19/2013,52.43,0.721738891,,
11/20/2013,52.48,0.722427179,,
11/21/2013,50.77,0.698887726,,
11/22/2013,50.27,0.692004846,,
11/23/2013,50.42,0.69406971,,
11/24/2013,50.57,0.696134574,,
11/25/2013,50.72,0.698199438,,
11/26/2013,49.26,0.678101426,,
11/27/2013,49.29,0.678514399,,
11/28/2013,49.53,0.681818182,,
11/29/2013,49.77,0.685121965,,
11/30/2013,50.58333333,0.696318118,,
12/1/2013,51.39666667,0.707514271,,
12/2/2013,52.21,0.718710423,,
12/3/2013,51.85,0.713754749,,
12/4/2013,51.29,0.706045923,,
12/5/2013,51.08,0.703155113,,
12/6/2013,51.72,0.7119652,,
12/7/2013,51.81333333,0.713250005,,
12/8/2013,51.90666667,0.714534809,,
12/9/2013,52,0.715819613,,
12/10/2013,51.63,0.710726282,,
12/11/2013,51.87,0.714030064,,
12/12/2013,51.24,0.705357634,,
12/13/2013,51.65,0.711001597,,
12/14/2013,51.84666667,0.713708863,,
12/15/2013,52.04333333,0.71641613,,
12/16/2013,52.24,0.719123396,,
12/17/2013,52.13,0.717609162,,
12/18/2013,52.84,0.727382853,,
12/19/2013,53.12,0.731237267,,
12/20/2013,53.42,0.735366995,,
12/21/2013,53.84666667,0.741240387,,
12/22/2013,54.27333333,0.747113779,,
12/23/2013,54.7,0.75298717,,
12/24/2013,54.74,0.753537801,,
12/25/2013,54.77,0.753950774,,
12/26/2013,54.8,0.754363746,,
12/27/2013,54.01,0.743488795,,
12/28/2013,54.15666667,0.745507773,,
12/29/2013,54.30333333,0.747526751,,
12/30/2013,54.45,0.74954573,,
12/31/2013,54.05,0.744039425,,
1/1/2014,54.51,0.750371676,,
1/2/2014,54.97,0.756703926,,
1/3/2014,54.09,0.744590056,,
1/4/2014,53.52666667,0.736835343,,
1/5/2014,52.96333333,0.729080631,,
1/6/2014,52.4,0.721325918,,
1/7/2014,52.39,0.721188261,,
1/8/2014,52.96,0.729034745,,
1/9/2014,52.75,0.726143935,,
1/10/2014,51.9,0.714443037,,
1/11/2014,51.97333333,0.715452526,,
1/12/2014,52.04666667,0.716462016,,
1/13/2014,52.12,0.717471505,,
1/14/2014,52.65,0.724767359,,
1/15/2014,53.22,0.732613843,,
1/16/2014,53.78,0.740322669,,
1/17/2014,53.41,0.735229338,,
1/18/2014,53.5575,0.737259787,,
1/19/2014,53.705,0.739290237,,
1/20/2014,53.8525,0.741320687,,
1/21/2014,54,0.743351137,,
1/22/2014,53.84,0.741148615,,
1/23/2014,55.8,0.768129508,,
1/24/2014,54.55,0.750922306,,
1/25/2014,54.3,0.747480866,,
1/26/2014,54.05,0.744039425,,
1/27/2014,53.8,0.740597985,,
1/28/2014,53.09,0.730824294,,
1/29/2014,52.81,0.726969881,,
1/30/2014,52.61,0.724216728,,
1/31/2014,52.59,0.723941413,,
2/1/2014,52.77333333,0.726465136,,
2/2/2014,52.95666667,0.728988859,,
2/3/2014,53.14,0.731512582,,
2/4/2014,52.56,0.72352844,,
2/5/2014,52.29,0.719811684,,
2/6/2014,53.66,0.738670778,,
2/7/2014,54.45,0.74954573,,
2/8/2014,54.45666667,0.749637502,,
2/9/2014,54.46333333,0.749729273,,
2/10/2014,54.47,0.749821045,,
2/11/2014,54.05,0.744039425,,
2/12/2014,54.27,0.747067893,,
2/13/2014,54.48,0.749958703,,
2/14/2014,54.17,0.745691317,,
2/15/2014,54.34,0.748031496,,
2/16/2014,54.51,0.750371676,,
2/17/2014,54.68,0.752711855,,
2/18/2014,54.85,0.755052035,,
2/19/2014,55.33,0.7616596,,
2/20/2014,54.75,0.753675458,,
2/21/2014,55.16,0.759319421,,
2/22/2014,55.14,0.759044106,,
2/23/2014,55.12,0.75876879,,
2/24/2014,55.1,0.758493475,,
2/25/2014,56.28,0.774737074,,
2/26/2014,56.23,0.774048786,,
2/27/2014,57.3,0.788778151,,
2/28/2014,58.46,0.804746435,,
3/1/2014,58.26666667,0.802085054,,
3/2/2014,58.07333333,0.799423673,,
3/3/2014,57.88,0.796762293,,
3/4/2014,58.97,0.811766973,,
3/5/2014,59.03,0.812592919,,
3/6/2014,58.99,0.812042288,,
3/7/2014,59.44,0.818236881,,
3/8/2014,59.15666667,0.814336582,,
3/9/2014,58.87333333,0.810436283,,
3/10/2014,58.59,0.806535984,,
3/11/2014,58.45,0.804608777,,
3/12/2014,57.18,0.78712626,,
3/13/2014,58.3,0.802543913,,
3/14/2014,56.66,0.779968063,,
3/15/2014,57.07333333,0.785657912,,
3/16/2014,57.48666667,0.79134776,,
3/17/2014,57.9,0.797037608,,
3/18/2014,57.65,0.793596168,,
3/19/2014,57.63,0.793320852,,
3/20/2014,57.2,0.787401575,,
3/21/2014,57.28,0.788502836,,
3/22/2014,57.19,0.787263917,,
3/23/2014,57.1,0.786024999,,
3/24/2014,57.01,0.78478608,,
3/25/2014,56.85,0.782583558,,
3/26/2014,56.82,0.782170585,,
3/27/2014,55.46,0.763449149,,
3/28/2014,55.45,0.763311492,,
3/29/2014,55.52666667,0.764366867,,
3/30/2014,55.60333333,0.765422242,,
3/31/2014,55.68,0.766477617,,
4/1/2014,55.59,0.765238698,,
4/2/2014,56.15,0.772947525,,
4/3/2014,55.03,0.757529872,,
4/4/2014,55.17,0.759457078,,
4/5/2014,54.79333333,0.754271975,,
4/6/2014,54.41666667,0.749086871,,
4/7/2014,54.04,0.743901768,,
4/8/2014,53.78,0.740322669,,
4/9/2014,54.92,0.756015638,,
4/10/2014,55.02,0.757392214,,
4/11/2014,53.89,0.741836903,,
4/12/2014,53.84333333,0.741194501,,
4/13/2014,53.79666667,0.740552099,,
4/14/2014,53.75,0.739909697,,
4/15/2014,53.86,0.74142393,,
4/16/2014,54.21,0.746241947,,
4/17/2014,54.48,0.749958703,,
4/18/2014,54.6,0.751610594,,
4/19/2014,54.72,0.753262486,,
4/20/2014,54.84,0.754914377,,
4/21/2014,54.96,0.756566268,,
4/22/2014,54.88,0.755465007,,
4/23/2014,55.54,0.76455041,,
4/24/2014,55.48,0.763724465,,
4/25/2014,54.58,0.751335279,,
4/26/2014,54.42666667,0.749224529,,
4/27/2014,54.27333333,0.747113779,,
4/28/2014,54.12,0.745003028,,
4/29/2014,53.91,0.742112218,,
4/30/2014,51.95,0.715131325,,
5/1/2014,52.02,0.716094929,,
5/2/2014,51.727,0.71206156,,
5/3/2014,51.75133333,0.712396527,,
5/4/2014,51.77566667,0.712731494,,
5/5/2014,51.8,0.713066461,,
5/6/2014,52.07,0.716783217,,
5/7/2014,50.82,0.699576015,,
5/8/2014,50.63,0.69696052,,
5/9/2014,50.5,0.695170971,,
5/10/2014,50.64,0.697098177,,
5/11/2014,50.78,0.699025384,,
5/12/2014,50.92,0.700952591,,
5/13/2014,51.41,0.707697814,,
5/14/2014,51.79,0.712928803,,
5/15/2014,51.2,0.704807004,,
5/16/2014,51.65,0.711001597,,
5/17/2014,51.68333333,0.711460456,,
5/18/2014,51.71666667,0.711919314,,
5/19/2014,51.75,0.712378173,,
5/20/2014,52.19,0.718435108,,
5/21/2014,50.86,0.700126645,,
5/22/2014,51.99,0.715681956,,
5/23/2014,51.71,0.711827543,,
5/24/2014,51.86,0.713892407,,
5/25/2014,52.01,0.715957271,,
5/26/2014,52.16,0.718022135,,
5/27/2014,52.31,0.720087,,
5/28/2014,51.74,0.712240515,,
5/29/2014,50.64,0.697098177,,
5/30/2014,50.34,0.692968449,,
5/31/2014,50.45333333,0.694528569,,
6/1/2014,50.56666667,0.696088688,,
6/2/2014,50.68,0.697648808,,
6/3/2014,50.45,0.694482683,,
6/4/2014,50.39,0.693656737,,
6/5/2014,50.66,0.697373493,,
6/6/2014,50.88,0.70040196,,
6/7/2014,50.29,0.692280161,,
6/8/2014,49.7,0.684158361,,
6/9/2014,49.11,0.676036562,,
6/10/2014,48.65,0.669704311,,
6/11/2014,48.3,0.664886295,,
6/12/2014,48.87,0.672732779,,
6/13/2014,48.78,0.67149386,,
6/14/2014,48.82666667,0.672136263,,
6/15/2014,48.87333333,0.672778665,,
6/16/2014,48.92,0.673421067,,
6/17/2014,48.9,0.673145752,,
6/18/2014,49.19,0.677137823,,
6/19/2014,49.7,0.684158361,,
6/20/2014,49.74,0.684708992,,
6/21/2014,49.65,0.683470073,,
6/22/2014,49.56,0.682231155,,
6/23/2014,49.47,0.680992236,,
6/24/2014,49.39,0.679890975,,
6/25/2014,48.8,0.671769176,,
6/26/2014,49.5,0.681405209,,
6/27/2014,49.58,0.68250647,,
6/28/2014,49.78333333,0.685305508,,
6/29/2014,49.98666667,0.688104546,,
6/30/2014,50.19,0.690903585,,
7/1/2014,50.19,0.690903585,,
7/2/2014,50.51,0.695308628,,
7/3/2014,50.96,0.701503221,,
7/4/2014,50.9525,0.701399978,,
7/5/2014,50.945,0.701296735,,
7/6/2014,50.9375,0.701193492,,
7/7/2014,50.93,0.701090248,,
7/8/2014,50.61,0.696685205,,
7/9/2014,50.3,0.692417818,,
7/10/2014,50.22,0.691316557,,
7/11/2014,51,0.702053852,,
7/12/2014,51.08333333,0.703200998,,
7/13/2014,51.16666667,0.704348145,,
7/14/2014,51.25,0.705495292,,
7/15/2014,51.45,0.708248444,,
7/16/2014,51.03,0.702466825,,
7/17/2014,51.1,0.703430428,,
7/18/2014,50.93,0.701090248,,
7/19/2014,51.04333333,0.702650368,,
7/20/2014,51.15666667,0.704210488,,
7/21/2014,51.27,0.705770607,,
7/22/2014,51.87,0.714030064,,
7/23/2014,52,0.715819613,,
7/24/2014,52.52,0.72297781,,
7/25/2014,52.78,0.726556908,,
7/26/2014,52.82333333,0.727153424,,
7/27/2014,52.86666667,0.72774994,,
7/28/2014,52.91,0.728346457,,
7/29/2014,53.1,0.730961951,,
7/30/2014,53.28,0.733439789,,
7/31/2014,52.94,0.72875943,,
8/1/2014,52.78,0.726556908,,
8/2/2014,52.65666667,0.72485913,,
8/3/2014,52.53333333,0.723161353,,
8/4/2014,52.41,0.721463576,,
8/5/2014,53.01,0.729723033,,
8/6/2014,52.96,0.729034745,,
8/7/2014,53.68,0.738946093,,
8/8/2014,53.58,0.737569517,,
8/9/2014,53.79666667,0.740552099,,
8/10/2014,54.01333333,0.743534681,,
8/11/2014,54.23,0.746517262,,
8/12/2014,53.87,0.741561588,,
8/13/2014,52.76,0.726281592,,
8/14/2014,52.88,0.727933484,,
8/15/2014,53.38,0.734816365,,
8/16/2014,53.27333333,0.733348017,,
8/17/2014,53.16666667,0.731879669,,
8/18/2014,53.06,0.730411321,,
8/19/2014,53.28,0.733439789,,
8/20/2014,53.51,0.736605914,,
8/21/2014,53.52,0.736743571,,
8/22/2014,55.7,0.766752932,,
8/23/2014,55.67,0.766339959,,
8/24/2014,55.64,0.765926986,,
8/25/2014,55.61,0.765514014,,
8/26/2014,55.5,0.76399978,,
8/27/2014,56.28,0.774737074,,
8/28/2014,55.86,0.768955454,,
8/29/2014,55.76,0.767578878,,
8/30/2014,55.69,0.766615274,,
8/31/2014,55.62,0.765651671,,
9/1/2014,55.55,0.764688068,,
9/2/2014,55.48,0.763724465,,
9/3/2014,55.14,0.759044106,,
9/4/2014,54.79,0.754226089,,
9/5/2014,54.3,0.747480866,,
9/6/2014,54.12666667,0.7450948,,
9/7/2014,53.95333333,0.742708735,,
9/8/2014,53.78,0.740322669,,
9/9/2014,54.36,0.748306811,,
9/10/2014,51.48,0.708661417,,
9/11/2014,50.78,0.699025384,,
9/12/2014,50.6,0.696547547,,
9/13/2014,51.14,0.703981058,,
9/14/2014,51.68,0.71141457,,
9/15/2014,52.22,0.718848081,,
9/16/2014,50.97,0.701640879,,
9/17/2014,51.72,0.7119652,,
9/18/2014,52,0.715819613,,
9/19/2014,52.87,0.727795826,,
9/20/2014,52.67,0.725042674,,
9/21/2014,52.47,0.722289522,,
9/22/2014,52.27,0.719536369,,
9/23/2014,52.3,0.719949342,,
9/24/2014,52.8,0.726832223,,
9/25/2014,52.74,0.726006277,,
9/26/2014,52,0.715819613,,
9/27/2014,52.17,0.718159793,,
9/28/2014,52.34,0.720499972,,
9/29/2014,52.51,0.722840152,,
9/30/2014,56.62,0.779417433,,
10/1/2014,55.15,0.759181763,,
10/2/2014,55.23,0.760283024,,
10/3/2014,55.06,0.757942845,,
10/4/2014,54.86666667,0.755281464,,
10/5/2014,54.67333333,0.752620083,,
10/6/2014,54.48,0.749958703,,
10/7/2014,53.22,0.732613843,,
10/8/2014,53.28,0.733439789,,
10/9/2014,54.17,0.745691317,,
10/10/2014,52.8,0.726832223,,
10/11/2014,52.38666667,0.721142375,,
10/12/2014,51.97333333,0.715452526,,
10/13/2014,51.56,0.709762678,,
10/14/2014,50.94,0.701227906,,
10/15/2014,50.06,0.689114036,,
10/16/2014,48.49,0.66750179,,
10/17/2014,48.24,0.664060349,,
10/18/2014,48.17333333,0.663142632,,
10/19/2014,48.10666667,0.662224914,,
10/20/2014,48.04,0.661307197,,
10/21/2014,49.65,0.683470073,,
10/22/2014,51.2,0.704807004,,
10/23/2014,50.61,0.696685205,,
10/24/2014,50.79,0.699163042,,
10/25/2014,50.89333333,0.700585504,,
10/26/2014,50.99666667,0.702007966,,
10/27/2014,51.1,0.703430428,,
10/28/2014,51.35,0.706871868,,
10/29/2014,50.79,0.699163042,,
10/30/2014,51.05,0.70274214,,
10/31/2014,52.68,0.725180331,,
11/1/2014,52.56,0.72352844,,
11/2/2014,52.44,0.721876549,,
11/3/2014,52.32,0.720224657,,
11/4/2014,52.56,0.72352844,,
11/5/2014,53.47,0.736055283,,
11/6/2014,53.62,0.738120148,,
11/7/2014,53.35,0.734403392,,
11/8/2014,53.39,0.734954022,,
11/9/2014,53.43,0.735504653,,
11/10/2014,53.47,0.736055283,,
11/11/2014,54.165,0.745622488,,
11/12/2014,53.81,0.740735642,,
11/13/2014,54.06,0.744177083,,
11/14/2014,54.27,0.747067893,,
11/15/2014,54.30333333,0.747526751,,
11/16/2014,54.33666667,0.74798561,,
11/17/2014,54.37,0.748444469,,
11/18/2014,54.81,0.754501404,,
11/19/2014,55.33,0.7616596,,
11/20/2014,54.51,0.750371676,,
11/21/2014,54.75,0.753675458,,
11/22/2014,54.72666667,0.753354257,,
11/23/2014,54.70333333,0.753033056,,
11/24/2014,54.68,0.752711855,,
11/25/2014,54.23,0.746517262,,
11/26/2014,54.56,0.751059964,,
11/27/2014,54.73,0.753400143,,
11/28/2014,54.9,0.755740323,,
11/29/2014,54.85333333,0.75509792,,
11/30/2014,54.80666667,0.754455518,,
12/1/2014,54.76,0.753813116,,
12/2/2014,54.86,0.755189692,,
12/3/2014,55.03,0.757529872,,
12/4/2014,54.63,0.752023567,,
12/5/2014,54.89,0.755602665,,
12/6/2014,55.04333333,0.757713415,,
12/7/2014,55.19666667,0.759824165,,
12/8/2014,55.35,0.761934915,,
12/9/2014,54.59,0.751472937,,
12/10/2014,55.02,0.757392214,,
12/11/2014,55.41,0.762760861,,
12/12/2014,56.17,0.77322284,,
12/13/2014,56.06666667,0.771800378,,
12/14/2014,55.96333333,0.770377916,,
12/15/2014,55.86,0.768955454,,
12/16/2014,55.38,0.762347888,,
12/17/2014,55.96,0.77033203,,
12/18/2014,57.01,0.78478608,,
12/19/2014,57.5,0.791531303,,
12/20/2014,57.49,0.791393646,,
12/21/2014,57.48,0.791255988,,
12/22/2014,57.47,0.79111833,,
12/23/2014,57.73,0.794697429,,
12/24/2014,57.43,0.7905677,,
12/25/2014,57.385,0.789948241,,
12/26/2014,57.34,0.789328781,,
12/27/2014,57.27333333,0.788411064,,
12/28/2014,57.20666667,0.787493347,,
12/29/2014,57.14,0.786575629,,
12/30/2014,56.86,0.782721216,,
12/31/2014,57.06,0.785474368,,
1/1/2015,56.72,0.780794009,,
1/2/2015,56.38,0.77611365,,
1/3/2015,56.20333333,0.773681699,,
1/4/2015,56.02666667,0.771249748,,
1/5/2015,55.85,0.768817796,,
1/6/2015,55.8,0.768129508,,
1/7/2015,55.18,0.759594736,,
1/8/2015,55.31,0.761384285,,
1/9/2015,56.32,0.775287704,,
1/10/2015,56.1,0.772259237,,
1/11/2015,55.88,0.769230769,,
1/12/2015,55.66,0.766202302,,
1/13/2015,55.82,0.768404824,,
1/14/2015,54.37,0.748444469,,
1/15/2015,54.17,0.745691317,,
1/16/2015,52.93,0.728621772,,
1/17/2015,53.1725,0.731959969,,
1/18/2015,53.415,0.735298166,,
1/19/2015,53.6575,0.738636364,,
1/20/2015,53.9,0.741974561,,
1/21/2015,53.41,0.735229338,,
1/22/2015,55.18,0.759594736,,
1/23/2015,56.99,0.784510765,,
1/24/2015,56.78333333,0.781665841,,
1/25/2015,56.57666667,0.778820917,,
1/26/2015,56.37,0.775975993,,
1/27/2015,55.52,0.764275095,,
1/28/2015,55.05,0.757805187,,
1/29/2015,53.75,0.739909697,,
1/30/2015,53.85,0.741286273,,
1/31/2015,53.60333333,0.737890718,,
2/1/2015,53.35666667,0.734495164,,
2/2/2015,53.11,0.731099609,,
2/3/2015,53.91,0.742112218,,
2/4/2015,54.09,0.744590056,,
2/5/2015,53.85,0.741286273,,
2/6/2015,54.2,0.746104289,,
2/7/2015,54.13666667,0.745232458,,
2/8/2015,54.07333333,0.744360626,,
2/9/2015,54.01,0.743488795,,
2/10/2015,54.44,0.749408072,,
2/11/2015,55.42,0.762898519,,
2/12/2015,55.64,0.765926986,,
2/13/2015,55.02,0.757392214,,
2/14/2015,55.3075,0.761349871,,
2/15/2015,55.595,0.765307527,,
2/16/2015,55.8825,0.769265184,,
2/17/2015,56.17,0.77322284,,
2/18/2015,56.39,0.776251308,,
2/19/2015,56.97,0.78423545,,
2/20/2015,57.67,0.793871483,,
2/21/2015,57.72666667,0.794651543,,
2/22/2015,57.78333333,0.795431603,,
2/23/2015,57.84,0.796211662,,
2/24/2015,58.07,0.799377788,,
2/25/2015,58.54,0.805847696,,
2/26/2015,58.23,0.801580309,,
2/27/2015,58.68,0.807774902,,
2/28/2015,58.30333333,0.802589799,,
3/1/2015,57.92666667,0.797404695,,
3/2/2015,57.55,0.792219591,,
3/3/2015,58.36,0.803369858,,
3/4/2015,57.86,0.796486978,,
3/5/2015,58.28,0.802268598,,
3/6/2015,59.1,0.813556522,,
3/7/2015,59.35666667,0.817089734,,
3/8/2015,59.61333333,0.820622947,,
3/9/2015,59.87,0.824156159,,
3/10/2015,60.05,0.826633996,,
3/11/2015,59.33,0.816722647,,
3/12/2015,60.06,0.826771654,,
3/13/2015,60.04,0.826496338,,
3/14/2015,59.86666667,0.824110273,,
3/15/2015,59.69333333,0.821724208,,
3/16/2015,59.52,0.819338142,,
3/17/2015,59.55,0.819751115,,
3/18/2015,59.36,0.81713562,,
3/19/2015,56.81,0.782032928,,
3/20/2015,58.21,0.801304994,,
3/21/2015,58.11333333,0.799974304,,
3/22/2015,58.01666667,0.798643614,,
3/23/2015,57.92,0.797312923,,
3/24/2015,58.33,0.802956886,,
3/25/2015,59.62,0.820714718,,
3/26/2015,57.56,0.792357249,,
3/27/2015,57.35,0.789466439,,
3/28/2015,57.48333333,0.791301874,,
3/29/2015,57.61666667,0.793137309,,
3/30/2015,57.75,0.794972744,,
3/31/2015,57.7,0.794284456,,
4/1/2015,57.33,0.789191124,,
4/2/2015,57.05,0.785336711,,
4/3/2015,56.6625,0.780002478,,
4/4/2015,56.275,0.774668245,,
4/5/2015,55.8875,0.769334012,,
4/6/2015,55.5,0.76399978,,
4/7/2015,57.1,0.786024999,,
4/8/2015,57.19,0.787263917,,
4/9/2015,57.11,0.786162656,,
4/10/2015,57.42,0.790430042,,
4/11/2015,57.33333333,0.78923701,,
4/12/2015,57.24666667,0.788043977,,
4/13/2015,57.16,0.786850944,,
4/14/2015,56.79,0.781757612,,
4/15/2015,56.98,0.784373107,,
4/16/2015,56.99,0.784510765,,
4/17/2015,56.33,0.775425362,,
4/18/2015,56.21666667,0.773865242,,
4/19/2015,56.10333333,0.772305123,,
4/20/2015,55.99,0.770745003,,
4/21/2015,56.49,0.777627884,,
4/22/2015,56.38,0.77611365,,
4/23/2015,59.41,0.817823908,,
4/24/2015,59.1,0.813556522,,
4/25/2015,59.08333333,0.813327093,,
4/26/2015,59.06666667,0.813097663,,
4/27/2015,59.05,0.812868234,,
4/28/2015,58.96,0.811629316,,
4/29/2015,59.11,0.81369418,,
4/30/2015,58.57,0.806260668,,
5/1/2015,58.26,0.801993282,,
5/2/2015,58.55333333,0.806031239,,
5/3/2015,58.84666667,0.810069196,,
5/4/2015,59.14,0.814107153,,
5/5/2015,58.77,0.809013821,,
5/6/2015,57.81,0.795798689,,
5/7/2015,57.49,0.791393646,,
5/8/2015,58.63,0.807086614,,
5/9/2015,58.70333333,0.808096103,,
5/10/2015,58.77666667,0.809105593,,
5/11/2015,58.85,0.810115082,,
5/12/2015,57.84,0.796211662,,
5/13/2015,58.54,0.805847696,,
5/14/2015,59.23,0.815346071,,
5/15/2015,60.15,0.828010572,,
5/16/2015,59.84,0.823743186,,
5/17/2015,59.53,0.8194758,,
5/18/2015,59.22,0.815208414,,
5/19/2015,59.65,0.821127691,,
5/20/2015,59.47,0.818649854,,
5/21/2015,59,0.812179946,,
5/22/2015,59.73,0.822228952,,
5/23/2015,59.805,0.823261384,,
5/24/2015,59.88,0.824293816,,
5/25/2015,59.955,0.825326249,,
5/26/2015,60.03,0.826358681,,
5/27/2015,58.86,0.810252739,,
5/28/2015,59.23,0.815346071,,
5/29/2015,60.65,0.834893453,,
5/30/2015,60.95,0.839023182,,
5/31/2015,61.25,0.84315291,,
6/1/2015,61.55,0.847282639,,
6/2/2015,62.1,0.854853808,,
6/3/2015,62.37,0.858570563,,
6/4/2015,61.77,0.850311106,,
6/5/2015,62.49,0.860222455,,
6/6/2015,62.5,0.860360112,,
6/7/2015,62.51,0.86049777,,
6/8/2015,62.52,0.860635428,,
6/9/2015,60.73,0.835994714,,
6/10/2015,60.56,0.833654534,,
6/11/2015,60.7,0.835581741,,
6/12/2015,60.32,0.830350752,,
6/13/2015,60.09,0.827184626,,
6/14/2015,59.86,0.824018501,,
6/15/2015,59.63,0.820852376,,
6/16/2015,59.89,0.824431474,,
6/17/2015,60.5,0.832828589,,
6/18/2015,60.65,0.834893453,,
6/19/2015,60.79,0.83682066,,
6/20/2015,61.05666667,0.840491529,,
6/21/2015,61.32333333,0.844162399,,
6/22/2015,61.59,0.847833269,,
6/23/2015,61.76,0.850173449,,
6/24/2015,62.11,0.854991465,,
6/25/2015,61.68,0.849072188,,
6/26/2015,61.6,0.847970927,,
6/27/2015,61.28666667,0.843657655,,
6/28/2015,60.97333333,0.839344383,,
6/29/2015,60.66,0.835031111,,
6/30/2015,60.05,0.826633996,,
7/1/2015,60.99,0.839573812,,
7/2/2015,61.05,0.840399758,,
7/3/2015,61.15125,0.841793541,,
7/4/2015,61.2525,0.843187324,,
7/5/2015,61.35375,0.844581108,,
7/6/2015,61.455,0.845974891,,
7/7/2015,62.67,0.862700292,,
7/8/2015,61.52,0.846869666,,
7/9/2015,61.91,0.852238313,,
7/10/2015,62.35,0.858295248,,
7/11/2015,62.37333333,0.858616449,,
7/12/2015,62.39666667,0.85893765,,
7/13/2015,62.42,0.859258851,,
7/14/2015,63.38,0.872473983,,
7/15/2015,63.73,0.877291999,,
7/16/2015,65.3,0.898904245,,
7/17/2015,66.04,0.909090909,,
7/18/2015,52.99,0.909090909,,
7/19/2015,39.94,0.798001998,,
7/20/2015,26.89,0.537262737,,
7/21/2015,28.15,0.562437562,,
7/22/2015,28.23,0.564035964,,
7/23/2015,28.25,0.564435564,,
7/24/2015,28.83,0.576023976,,
7/25/2015,28.56,0.570629371,,
7/26/2015,28.29,0.565234765,,
7/27/2015,28.02,0.55984016,,
7/28/2015,28.07,0.560839161,,
7/29/2015,28.39,0.567232767,,
7/30/2015,28.63,0.572027972,,
7/31/2015,28.47,0.568831169,,
8/1/2015,28.34333333,0.566300366,,
8/2/2015,28.21666667,0.563769564,,
8/3/2015,28.09,0.561238761,,
8/4/2015,28.16,0.562637363,,
8/5/2015,28.43,0.568031968,,
8/6/2015,28.58,0.571028971,,
8/7/2015,28.19,0.563236763,,
8/8/2015,28.33,0.566033966,,
8/9/2015,28.47,0.568831169,,
8/10/2015,28.61,0.571628372,,
8/11/2015,28.3,0.565434565,,
8/12/2015,27.52,0.54985015,,
8/13/2015,27.98,0.559040959,,
8/14/2015,27.94,0.558241758,,
8/15/2015,28,0.559440559,,
8/16/2015,28.06,0.560639361,,
8/17/2015,28.12,0.561838162,,
8/18/2015,28.43,0.568031968,,
8/19/2015,27.46,0.548651349,,
8/20/2015,27.21,0.543656344,,
8/21/2015,26.33,0.526073926,,
8/22/2015,25.51,0.50969031,,
8/23/2015,24.69,0.493306693,,
8/24/2015,23.87,0.476923077,,
8/25/2015,25.37,0.506893107,,
8/26/2015,25.91,0.517682318,,
8/27/2015,26.51,0.52967033,,
8/28/2015,26.98,0.539060939,,
8/29/2015,27.01333333,0.53972694,,
8/30/2015,27.04666667,0.54039294,,
8/31/2015,27.08,0.541058941,,
9/1/2015,26.57,0.530869131,,
9/2/2015,26.86,0.536663337,,
9/3/2015,27.36,0.546653347,,
9/4/2015,26.57,0.530869131,,
9/5/2015,26.6,0.531468531,,
9/6/2015,26.63,0.532067932,,
9/7/2015,26.66,0.532667333,,
9/8/2015,26.69,0.533266733,,
9/9/2015,26.91,0.537662338,,
9/10/2015,25.77,0.514885115,,
9/11/2015,26.12,0.521878122,,
9/12/2015,26.15333333,0.522544123,,
9/13/2015,26.18666667,0.523210123,,
9/14/2015,26.22,0.523876124,,
9/15/2015,25.8,0.515484515,,
9/16/2015,26,0.519480519,,
9/17/2015,26.7,0.533466533,,
9/18/2015,25.97,0.518881119,,
9/19/2015,26.06666667,0.520812521,,
9/20/2015,26.16333333,0.522743923,,
9/21/2015,26.26,0.524675325,,
9/22/2015,25.7,0.513486513,,
9/23/2015,25.62,0.511888112,,
9/24/2015,25.28,0.505094905,,
9/25/2015,25.76,0.514685315,,
9/26/2015,25.55666667,0.510622711,,
9/27/2015,25.35333333,0.506560107,,
9/28/2015,25.15,0.502497502,,
9/29/2015,24.2,0.483516484,,
9/30/2015,24.32,0.485914086,,
10/1/2015,24.5,0.48951049,,
10/2/2015,24.51,0.48971029,,
10/3/2015,24.87,0.496903097,,
10/4/2015,25.23,0.504095904,,
10/5/2015,25.59,0.511288711,,
10/6/2015,25.68,0.513086913,,
10/7/2015,25.91,0.517682318,,
10/8/2015,24.94,0.498301698,,
10/9/2015,24.21,0.483716284,,
10/10/2015,24.15333333,0.482584083,,
10/11/2015,24.09666667,0.481451881,,
10/12/2015,24.04,0.48031968,,
10/13/2015,24.53,0.49010989,,
10/14/2015,24.79,0.495304695,,
10/15/2015,24.15,0.482517483,,
10/16/2015,24.46,0.488711289,,
10/17/2015,24.48666667,0.489244089,,
10/18/2015,24.51333333,0.48977689,,
10/19/2015,24.54,0.49030969,,
10/20/2015,24.56,0.490709291,,
10/21/2015,24.56,0.490709291,,
10/22/2015,26.5,0.529470529,,
10/23/2015,27.73,0.554045954,,
10/24/2015,27.73333333,0.554112554,,
10/25/2015,27.73666667,0.554179154,,
10/26/2015,27.74,0.554245754,,
10/27/2015,28.21,0.563636364,,
10/28/2015,28.47,0.568831169,,
10/29/2015,28.21,0.563636364,,
10/30/2015,28.24,0.564235764,,
10/31/2015,28.07,0.560839161,,
11/1/2015,27.9,0.557442557,,
11/2/2015,27.73,0.554045954,,
11/3/2015,28.41,0.567632368,,
11/4/2015,28.9,0.577422577,,
11/5/2015,28.92,0.577822178,,
11/6/2015,29.03,0.58001998,,
11/7/2015,29.14666667,0.582350982,,
11/8/2015,29.26333333,0.584681985,,
11/9/2015,29.38,0.587012987,,
11/10/2015,29.18,0.583016983,,
11/11/2015,29.1,0.581418581,,
11/12/2015,28.67,0.572827173,,
11/13/2015,28.55,0.57042957,,
11/14/2015,28.46333333,0.568697969,,
11/15/2015,28.37666667,0.566966367,,
11/16/2015,28.29,0.565234765,,
11/17/2015,28.5,0.569430569,,
11/18/2015,28.62,0.571828172,,
11/19/2015,28.56,0.570629371,,
11/20/2015,28.99,0.579220779,,
11/21/2015,28.96666667,0.578754579,,
11/22/2015,28.94333333,0.578288378,,
11/23/2015,28.92,0.577822178,,
11/24/2015,28.42,0.567832168,,
11/25/2015,28.78,0.575024975,,
11/26/2015,28.935,0.578121878,,
11/27/2015,29.09,0.581218781,,
11/28/2015,29.09,0.581218781,,
11/29/2015,29.09,0.581218781,,
11/30/2015,29.09,0.581218781,,
12/1/2015,29.75,0.594405594,,
12/2/2015,29.16,0.582617383,,
12/3/2015,29,0.579420579,,
12/4/2015,28.72,0.573826174,,
12/5/2015,28.91,0.577622378,,
12/6/2015,29.1,0.581418581,,
12/7/2015,29.29,0.585214785,,
12/8/2015,28.93,0.578021978,,
12/9/2015,28.42,0.567832168,,
12/10/2015,28.28,0.565034965,,
12/11/2015,28.19,0.563236763,,
12/12/2015,28.16,0.562637363,,
12/13/2015,28.13,0.562037962,,
12/14/2015,28.1,0.561438561,,
12/15/2015,28.23,0.564035964,,
12/16/2015,28.52,0.56983017,,
12/17/2015,28.65,0.572427572,,
12/18/2015,27.84,0.556243756,,
12/19/2015,27.76666667,0.554778555,,
12/20/2015,27.69333333,0.553313353,,
12/21/2015,27.62,0.551848152,,
12/22/2015,27.62,0.551848152,,
12/23/2015,28,0.559440559,,
12/24/2015,27.91,0.557642358,,
12/25/2015,27.8125,0.555694306,,
12/26/2015,27.715,0.553746254,,
12/27/2015,27.6175,0.551798202,,
12/28/2015,27.52,0.54985015,,
12/29/2015,27.73,0.554045954,,
12/30/2015,27.73,0.554045954,,
12/31/2015,27.63,0.552047952,,
1/1/2016,27.5,0.549450549,,
1/2/2016,27.37,0.546853147,,
1/3/2016,27.24,0.544255744,,
1/4/2016,27.11,0.541658342,,
1/5/2016,26.61,0.531668332,,
1/6/2016,25.83,0.516083916,,
1/7/2016,25.8,0.515484515,,
1/8/2016,25.97,0.518881119,,
1/9/2016,25.96333333,0.518747919,,
1/10/2016,25.95666667,0.518614719,,
1/11/2016,25.95,0.518481518,,
1/12/2016,26.11,0.521678322,,
1/13/2016,26.41,0.527672328,,
1/14/2016,25.42,0.507892108,,
1/15/2016,25.05,0.5004995,,
1/16/2016,25.19,0.503296703,,
1/17/2016,25.33,0.506093906,,
1/18/2016,25.47,0.508891109,,
1/19/2016,25.61,0.511688312,,
1/20/2016,24.84,0.496303696,,
1/21/2016,25.87,0.516883117,,
1/22/2016,26.46,0.528671329,,
1/23/2016,26.44,0.528271728,,
1/24/2016,26.42,0.527872128,,
1/25/2016,26.4,0.527472527,,
1/26/2016,26.2,0.523476523,,
1/27/2016,26.71,0.533666334,,
1/28/2016,23.23,0.464135864,,
1/29/2016,23.19,0.463336663,,
1/30/2016,23.24,0.464335664,,
1/31/2016,23.29,0.465334665,,
2/1/2016,23.34,0.466333666,,
2/2/2016,23.72,0.473926074,,
2/3/2016,23.45,0.468531469,,
2/4/2016,23.49,0.469330669,,
2/5/2016,23.45,0.468531469,,
2/6/2016,23.25333333,0.464602065,,
2/7/2016,23.05666667,0.460672661,,
2/8/2016,22.86,0.456743257,,
2/9/2016,22.19,0.443356643,,
2/10/2016,22.27,0.444955045,,
2/11/2016,21.93,0.438161838,,
2/12/2016,22.38,0.447152847,,
2/13/2016,22.36,0.446753247,,
2/14/2016,22.34,0.446353646,,
2/15/2016,22.32,0.445954046,,
2/16/2016,22.3,0.445554446,,
2/17/2016,23.08,0.461138861,,
2/18/2016,23.12,0.461938062,,
2/19/2016,23.43,0.468131868,,
2/20/2016,23.60333333,0.471595072,,
2/21/2016,23.77666667,0.475058275,,
2/22/2016,23.95,0.478521479,,
2/23/2016,24.04,0.48031968,,
2/24/2016,23.43,0.468131868,,
2/25/2016,24.03,0.48011988,,
2/26/2016,24.39,0.487312687,,
2/27/2016,24.3,0.485514486,,
2/28/2016,24.21,0.483716284,,
2/29/2016,24.12,0.481918082,,
3/1/2016,23.99,0.479320679,,
3/2/2016,24.13,0.482117882,,
3/3/2016,23.69,0.473326673,,
3/4/2016,24.06,0.480719281,,
3/5/2016,24.16,0.482717283,,
3/6/2016,24.26,0.484715285,,
3/7/2016,24.36,0.486713287,,
3/8/2016,24.02,0.47992008,,
3/9/2016,24.34,0.486313686,,
3/10/2016,24.04,0.48031968,,
3/11/2016,23.97,0.478921079,,
3/12/2016,23.98666667,0.479254079,,
3/13/2016,24.00333333,0.47958708,,
3/14/2016,24.02,0.47992008,,
3/15/2016,24.1,0.481518482,,
3/16/2016,23.45,0.468531469,,
3/17/2016,23.78,0.475124875,,
3/18/2016,23.76,0.474725275,,
3/19/2016,23.77666667,0.475058275,,
3/20/2016,23.79333333,0.475391275,,
3/21/2016,23.81,0.475724276,,
3/22/2016,24.16,0.482717283,,
3/23/2016,24.09,0.481318681,,
3/24/2016,24.13,0.482117882,,
3/25/2016,24.17,0.482917083,,
3/26/2016,24.21,0.483716284,,
3/27/2016,24.25,0.484515485,,
3/28/2016,24.29,0.485314685,,
3/29/2016,23.7,0.473526474,,
3/30/2016,24.06,0.480719281,,
3/31/2016,24.13,0.482117882,,
4/1/2016,24.37,0.486913087,,
4/2/2016,24.04666667,0.48045288,,
4/3/2016,23.72333333,0.473992674,,
4/4/2016,23.4,0.467532468,,
4/5/2016,23.69,0.473326673,,
4/6/2016,24.45,0.488511489,,
4/7/2016,24.76,0.494705295,,
4/8/2016,24.21,0.483716284,,
4/9/2016,24.19666667,0.483449883,,
4/10/2016,24.18333333,0.483183483,,
4/11/2016,24.17,0.482917083,,
4/12/2016,24.19,0.483316683,,
4/13/2016,24.58,0.491108891,,
4/14/2016,25.29,0.505294705,,
4/15/2016,25.31,0.505694306,,
4/16/2016,25.14,0.502297702,,
4/17/2016,24.97,0.498901099,,
4/18/2016,24.8,0.495504496,,
4/19/2016,24.65,0.492507493,,
4/20/2016,24.3,0.485514486,,
4/21/2016,24.63,0.492107892,,
4/22/2016,24.61,0.491708292,,
4/23/2016,24.54,0.49030969,,
4/24/2016,24.47,0.488911089,,
4/25/2016,24.4,0.487512488,,
4/26/2016,24.17,0.482917083,,
4/27/2016,25.33,0.506093906,,
4/28/2016,25.09,0.501298701,,
4/29/2016,24.37,0.486913087,,
4/30/2016,24.30666667,0.485647686,,
5/1/2016,24.24333333,0.484382284,,
5/2/2016,24.18,0.483116883,,
5/3/2016,24.07,0.480919081,,
5/4/2016,23.82,0.475924076,,
5/5/2016,24.02,0.47992008,,
5/6/2016,23.67,0.472927073,,
5/7/2016,23.71,0.473726274,,
5/8/2016,23.75,0.474525475,,
5/9/2016,23.79,0.475324675,,
5/10/2016,24.04,0.48031968,,
5/11/2016,24.12,0.481918082,,
5/12/2016,23.91,0.477722278,,
5/13/2016,23.65,0.472527473,,
5/14/2016,23.66,0.472727273,,
5/15/2016,23.67,0.472927073,,
5/16/2016,23.68,0.473126873,,
5/17/2016,23.64,0.472327672,,
5/18/2016,23.31,0.465734266,,
5/19/2016,23.59,0.471328671,,
5/20/2016,23.44,0.468331668,,
5/21/2016,23.42,0.467932068,,
5/22/2016,23.4,0.467532468,,
5/23/2016,23.38,0.467132867,,
5/24/2016,23.64,0.472327672,,
5/25/2016,23.91,0.477722278,,
5/26/2016,23.98,0.479120879,,
5/27/2016,24.17,0.482917083,,
5/28/2016,24.2,0.483516484,,
5/29/2016,24.23,0.484115884,,
5/30/2016,24.26,0.484715285,,
5/31/2016,24.29,0.485314685,,
6/1/2016,24.43,0.488111888,,
6/2/2016,24.15,0.482517483,,
6/3/2016,24.21,0.483716284,,
6/4/2016,24.13333333,0.482184482,,
6/5/2016,24.05666667,0.480652681,,
6/6/2016,23.98,0.479120879,,
6/7/2016,24.13,0.482117882,,
6/8/2016,24.25,0.484515485,,
6/9/2016,24.19,0.483316683,,
6/10/2016,24.16,0.482717283,,
6/11/2016,24.11333333,0.481784882,,
6/12/2016,24.06666667,0.480852481,,
6/13/2016,24.02,0.47992008,,
6/14/2016,23.79,0.475324675,,
6/15/2016,23.99,0.479320679,,
6/16/2016,23.94,0.478321678,,
6/17/2016,23.74,0.474325674,,
6/18/2016,23.94,0.478321678,,
6/19/2016,24.14,0.482317682,,
6/20/2016,24.34,0.486313686,,
6/21/2016,24.54,0.49030969,,
6/22/2016,24.62,0.491908092,,
6/23/2016,24.69,0.493306693,,
6/24/2016,23.77,0.474925075,,
6/25/2016,23.49666667,0.469463869,,
6/26/2016,23.22333333,0.464002664,,
6/27/2016,22.95,0.458541459,,
6/28/2016,22.89,0.457342657,,
6/29/2016,23.18,0.463136863,,
6/30/2016,23.36,0.466733267,,
7/1/2016,23.43,0.468131868,,
7/2/2016,23.5,0.46953047,,
7/3/2016,23.57,0.470929071,,
7/4/2016,23.64,0.472327672,,
7/5/2016,23.71,0.473726274,,
7/6/2016,23.71,0.473726274,,
7/7/2016,23.92,0.477922078,,
7/8/2016,24.02,0.47992008,,
7/9/2016,24.26,0.484715285,,
7/10/2016,24.5,0.48951049,,
7/11/2016,24.74,0.494305694,,
7/12/2016,24.97,0.498901099,,
7/13/2016,25.12,0.501898102,,
7/14/2016,25.45,0.508491508,,
7/15/2016,26.2,0.523476523,,
7/16/2016,26.21,0.523676324,,
7/17/2016,26.22,0.523876124,,
7/18/2016,26.23,0.524075924,,
7/19/2016,26.59,0.531268731,,
7/20/2016,26.61,0.531668332,,
7/21/2016,28.87,0.576823177,,
7/22/2016,29.81,0.595604396,,
7/23/2016,29.97666667,0.598934399,,
7/24/2016,30.14333333,0.602264402,,
7/25/2016,30.31,0.605594406,,
7/26/2016,30.56,0.610589411,,
7/27/2016,31.44,0.628171828,,
7/28/2016,31.28,0.624975025,,
7/29/2016,31.12,0.621778222,,
7/30/2016,31.18,0.622977023,,
7/31/2016,31.24,0.624175824,,
8/1/2016,31.3,0.625374625,,
8/2/2016,31.07,0.620779221,,
8/3/2016,30.8,0.615384615,,
8/4/2016,30.94,0.618181818,,
8/5/2016,31.15,0.622377622,,
8/6/2016,31.22666667,0.623909424,,
8/7/2016,31.30333333,0.625441225,,
8/8/2016,31.38,0.626973027,,
8/9/2016,31.22,0.623776224,,
8/10/2016,31.11,0.621578422,,
8/11/2016,31.19,0.623176823,,
8/12/2016,31.22,0.623776224,,
8/13/2016,31.14666667,0.622311022,,
8/14/2016,31.07333333,0.620845821,,
8/15/2016,31,0.619380619,,
8/16/2016,30.9,0.617382617,,
8/17/2016,30.88,0.616983017,,
8/18/2016,30.51,0.60959041,,
8/19/2016,30.46,0.608591409,,
8/20/2016,30.46,0.608591409,,
8/21/2016,30.46,0.608591409,,
8/22/2016,30.46,0.608591409,,
8/23/2016,30.68,0.612987013,,
8/24/2016,30.74,0.614185814,,
8/25/2016,31.08,0.620979021,,
8/26/2016,31.34,0.626173826,,
8/27/2016,31.31,0.625574426,,
8/28/2016,31.28,0.624975025,,
8/29/2016,31.25,0.624375624,,
8/30/2016,31.46,0.628571429,,
8/31/2016,31.66,0.632567433,,
9/1/2016,32.15,0.642357642,,
9/2/2016,32.3,0.645354645,,
9/3/2016,32.275,0.644855145,,
9/4/2016,32.25,0.644355644,,
9/5/2016,32.225,0.643856144,,
9/6/2016,32.2,0.643356643,,
9/7/2016,32.45,0.648351648,,
9/8/2016,32.5,0.649350649,,
9/9/2016,32.42,0.647752248,,
9/10/2016,32.17,0.642757243,,
9/11/2016,31.92,0.637762238,,
9/12/2016,31.67,0.632767233,,
9/13/2016,32.16,0.642557443,,
9/14/2016,32.07,0.640759241,,
9/15/2016,31.74,0.634165834,,
9/16/2016,31.71,0.633566434,,
9/17/2016,31.74333333,0.634232434,,
9/18/2016,31.77666667,0.634898435,,
9/19/2016,31.81,0.635564436,,
9/20/2016,31.75,0.634365634,,
9/21/2016,31.56,0.630569431,,
9/22/2016,32.02,0.63976024,,
9/23/2016,32.28,0.644955045,,
9/24/2016,32.14666667,0.642291042,,
9/25/2016,32.01333333,0.63962704,,
9/26/2016,31.88,0.636963037,,
9/27/2016,31.8,0.635364635,,
9/28/2016,31.95,0.638361638,,
9/29/2016,33.04,0.66013986,,
9/30/2016,32.49,0.649150849,,
10/1/2016,32.09333333,0.641225441,,
10/2/2016,31.69666667,0.633300033,,
10/3/2016,31.3,0.625374625,,
10/4/2016,32.71,0.653546454,,
10/5/2016,32.4,0.647352647,,
10/6/2016,32.12,0.641758242,,
10/7/2016,32.25,0.644355644,,
10/8/2016,32.17,0.642757243,,
10/9/2016,32.09,0.641158841,,
10/10/2016,32.01,0.63956044,,
10/11/2016,31.96,0.638561439,,
10/12/2016,31.28,0.624975025,,
10/13/2016,31.79,0.635164835,,
10/14/2016,31.82,0.635764236,,
10/15/2016,32.01,0.63956044,,
10/16/2016,32.2,0.643356643,,
10/17/2016,32.39,0.647152847,,
10/18/2016,32.05,0.64035964,,
10/19/2016,31.91,0.637562438,,
10/20/2016,29.5,0.589410589,,
10/21/2016,29.06,0.580619381,,
10/22/2016,29.12666667,0.581951382,,
10/23/2016,29.19333333,0.583283383,,
10/24/2016,29.26,0.584615385,,
10/25/2016,29.2,0.583416583,,
10/26/2016,29,0.579420579,,
10/27/2016,28.97,0.578821179,,
10/28/2016,28.86,0.576623377,,
10/29/2016,28.83,0.576023976,,
10/30/2016,28.8,0.575424575,,
10/31/2016,28.77,0.574825175,,
11/1/2016,28.51,0.56963037,,
11/2/2016,28.24,0.564235764,,
11/3/2016,28.17,0.562837163,,
11/4/2016,28.1,0.561438561,,
11/5/2016,28.18,0.563036963,,
11/6/2016,28.26,0.564635365,,
11/7/2016,28.34,0.566233766,,
11/8/2016,28.09,0.561238761,,
11/9/2016,27.34,0.546253746,,
11/10/2016,28.39,0.567232767,,
11/11/2016,27.97,0.558841159,,
11/12/2016,28.19,0.563236763,,
11/13/2016,28.41,0.567632368,,
11/14/2016,28.63,0.572027972,,
11/15/2016,28.03,0.56003996,,
11/16/2016,28.39,0.567232767,,
11/17/2016,28.37,0.566833167,,
11/18/2016,28.84,0.576223776,,
11/19/2016,28.80333333,0.575491175,,
11/20/2016,28.76666667,0.574758575,,
11/21/2016,28.73,0.574025974,,
11/22/2016,29.44,0.588211788,,
11/23/2016,28.99,0.579220779,,
11/24/2016,28.965,0.578721279,,
11/25/2016,28.94,0.578221778,,
11/26/2016,28.90666667,0.577555778,,
11/27/2016,28.87333333,0.576889777,,
11/28/2016,28.84,0.576223776,,
11/29/2016,28.56,0.570629371,,
11/30/2016,28.51,0.56963037,,
12/1/2016,27.92,0.557842158,,
12/2/2016,27.73,0.554045954,,
12/3/2016,28.00333333,0.55950716,,
12/4/2016,28.27666667,0.564968365,,
12/5/2016,28.55,0.57042957,,
12/6/2016,28.3,0.565434565,,
12/7/2016,28.14,0.562237762,,
12/8/2016,28.96,0.578621379,,
12/9/2016,29.61,0.591608392,,
12/10/2016,29.74666667,0.594338994,,
12/11/2016,29.88333333,0.597069597,,
12/12/2016,30.02,0.5998002,,
12/13/2016,30.36,0.606593407,,
12/14/2016,29.85,0.596403596,,
12/15/2016,29.87,0.596803197,,
12/16/2016,29.73,0.594005994,,
12/17/2016,29.72,0.593806194,,
12/18/2016,29.71,0.593606394,,
12/19/2016,29.7,0.593406593,,
12/20/2016,29.53,0.59000999,,
12/21/2016,29.14,0.582217782,,
12/22/2016,29.28,0.585014985,,
12/23/2016,29.82,0.595804196,,
12/24/2016,29.8225,0.595854146,,
12/25/2016,29.825,0.595904096,,
12/26/2016,29.8275,0.595954046,,
12/27/2016,29.83,0.596003996,,
12/28/2016,30.24,0.604195804,,
12/29/2016,30.02,0.5998002,,
12/30/2016,30.38,0.606993007,,
12/31/2016,30.2425,0.604245754,,
1/1/2017,30.105,0.601498501,,
1/2/2017,29.9675,0.598751249,,
1/3/2017,29.83,0.596003996,,
1/4/2017,29.91,0.597602398,,
1/5/2017,29.73,0.594005994,,
1/6/2017,29.97,0.598801199,,
1/7/2017,30.31333333,0.605661006,,
1/8/2017,30.65666667,0.612520813,,
1/9/2017,31,0.619380619,,
1/10/2017,30.67,0.612787213,,
1/11/2017,30.3,0.605394605,,
1/12/2017,30.8,0.615384615,,
1/13/2017,30.21,0.603596404,,
1/14/2017,30.24,0.604195804,,
1/15/2017,30.27,0.604795205,,
1/16/2017,30.3,0.605394605,,
1/17/2017,30.33,0.605994006,,
1/18/2017,30.29,0.605194805,,
1/19/2017,30.26,0.604595405,,
1/20/2017,30.84,0.616183816,,
1/21/2017,30.77333333,0.614851815,,
1/22/2017,30.70666667,0.613519814,,
1/23/2017,30.64,0.612187812,,
1/24/2017,30.3,0.605394605,,
1/25/2017,30.25,0.604395604,,
1/26/2017,32.37,0.646753247,,
1/27/2017,31.95,0.638361638,,
1/28/2017,32.04333333,0.64022644,,
1/29/2017,32.13666667,0.642091242,,
1/30/2017,32.23,0.643956044,,
1/31/2017,31.89,0.637162837,,
2/1/2017,31.9,0.637362637,,
2/2/2017,32.06,0.640559441,,
2/3/2017,32.11,0.641558442,,
2/4/2017,32.07666667,0.640892441,,
2/5/2017,32.04333333,0.64022644,,
2/6/2017,32.01,0.63956044,,
2/7/2017,31.95,0.638361638,,
2/8/2017,32.45,0.648351648,,
2/9/2017,33.29,0.665134865,,
2/10/2017,33.11,0.661538462,,
2/11/2017,33.28,0.664935065,,
2/12/2017,33.45,0.668331668,,
2/13/2017,33.62,0.671728272,,
2/14/2017,33.61,0.671528472,,
2/15/2017,33.62,0.671728272,,
2/16/2017,33.84,0.676123876,,
2/17/2017,33.51,0.66953047,,
2/18/2017,33.5725,0.670779221,,
2/19/2017,33.635,0.672027972,,
2/20/2017,33.6975,0.673276723,,
2/21/2017,33.76,0.674525475,,
2/22/2017,33.92,0.677722278,,
2/23/2017,33.78,0.674925075,,
2/24/2017,33.55,0.67032967,,
2/25/2017,33.71666667,0.673659674,,
2/26/2017,33.88333333,0.676989677,,
2/27/2017,34.05,0.68031968,,
2/28/2017,34.16,0.682517483,,
3/1/2017,34.11,0.681518482,,
3/2/2017,34.19,0.683116883,,
3/3/2017,33.86,0.676523477,,
3/4/2017,33.79666667,0.675258075,,
3/5/2017,33.73333333,0.673992674,,
3/6/2017,33.67,0.672727273,,
3/7/2017,33.71,0.673526474,,
3/8/2017,33.55,0.67032967,,
3/9/2017,33.27,0.664735265,,
3/10/2017,33.44,0.668131868,,
3/11/2017,33.33666667,0.666067266,,
3/12/2017,33.23333333,0.664002664,,
3/13/2017,33.13,0.661938062,,
3/14/2017,32.85,0.656343656,,
3/15/2017,33.02,0.65974026,,
3/16/2017,32.78,0.654945055,,
3/17/2017,33.3,0.665334665,,
3/18/2017,33.42666667,0.667865468,,
3/19/2017,33.55333333,0.67039627,,
3/20/2017,33.68,0.672927073,,
3/21/2017,33.92,0.677722278,,
3/22/2017,33.26,0.664535465,,
3/23/2017,33.45,0.668331668,,
3/24/2017,33.66,0.672527473,,
3/25/2017,33.49333333,0.669197469,,
3/26/2017,33.32666667,0.665867466,,
3/27/2017,33.16,0.662537463,,
3/28/2017,33.4,0.667332667,,
3/29/2017,33.62,0.671728272,,
3/30/2017,33.65,0.672327672,,
3/31/2017,33.5,0.669330669,,
4/1/2017,33.45666667,0.668464868,,
4/2/2017,33.41333333,0.667599068,,
4/3/2017,33.37,0.666733267,,
4/4/2017,33.76,0.674525475,,
4/5/2017,34.22,0.683716284,,
4/6/2017,34.01,0.67952048,,
4/7/2017,34.11,0.681518482,,
4/8/2017,34.07333333,0.680785881,,
4/9/2017,34.03666667,0.68005328,,
4/10/2017,34,0.679320679,,
4/11/2017,34.09,0.681118881,,
4/12/2017,33.88,0.676923077,,
4/13/2017,34.2,0.683316683,,
4/14/2017,34.2375,0.684065934,,
4/15/2017,34.275,0.684815185,,
4/16/2017,34.3125,0.685564436,,
4/17/2017,34.35,0.686313686,,
4/18/2017,34.11,0.681518482,,
4/19/2017,34.2,0.683316683,,
4/20/2017,32.86,0.656543457,,
4/21/2017,32.69,0.653146853,,
4/22/2017,32.53666667,0.65008325,,
4/23/2017,32.38333333,0.647019647,,
4/24/2017,32.23,0.643956044,,
4/25/2017,32.11,0.641558442,,
4/26/2017,32.79,0.655144855,,
4/27/2017,33.02,0.65974026,,
4/28/2017,33.01,0.65954046,,
4/29/2017,33.16,0.662537463,,
4/30/2017,33.31,0.665534466,,
5/1/2017,33.46,0.668531469,,
5/2/2017,33.39,0.667132867,,
5/3/2017,33.6,0.671328671,,
5/4/2017,33.4,0.667332667,,
5/5/2017,33.57,0.670729271,,
5/6/2017,33.55333333,0.67039627,,
5/7/2017,33.53666667,0.67006327,,
5/8/2017,33.52,0.66973027,,
5/9/2017,33.24,0.664135864,,
5/10/2017,33.67,0.672727273,,
5/11/2017,33.7,0.673326673,,
5/12/2017,34.19,0.683116883,,
5/13/2017,34.18666667,0.683050283,,
5/14/2017,34.18333333,0.682983683,,
5/15/2017,34.18,0.682917083,,
5/16/2017,34.16,0.682517483,,
5/17/2017,34.56,0.690509491,,
5/18/2017,33.64,0.672127872,,
5/19/2017,33.9,0.677322677,,
5/20/2017,33.88666667,0.677056277,,
5/21/2017,33.87333333,0.676789877,,
5/22/2017,33.86,0.676523477,,
5/23/2017,34.25,0.684315684,,
5/24/2017,34.62,0.691708292,,
5/25/2017,34.88,0.696903097,,
5/26/2017,35.26,0.704495504,,
5/27/2017,35.14,0.702097902,,
5/28/2017,35.02,0.6997003,,
5/29/2017,34.9,0.697302697,,
5/30/2017,34.78,0.694905095,,
5/31/2017,34.92,0.697702298,,
6/1/2017,34.44,0.688111888,,
6/2/2017,34.92,0.697702298,,
6/3/2017,35.28666667,0.705028305,,
6/4/2017,35.65333333,0.712354312,,
6/5/2017,36.02,0.71968032,,
6/6/2017,35.41,0.707492507,,
6/7/2017,35.65,0.712287712,,
6/8/2017,36.07,0.720679321,,
6/9/2017,36.25,0.724275724,,
6/10/2017,35.73333333,0.713952714,,
6/11/2017,35.21666667,0.703629704,,
6/12/2017,34.7,0.693306693,,
6/13/2017,34.21,0.683516484,,
6/14/2017,34.63,0.691908092,,
6/15/2017,34.26,0.684515485,,
6/16/2017,33.92,0.677722278,,
6/17/2017,33.98666667,0.679054279,,
6/18/2017,34.05333333,0.68038628,,
6/19/2017,34.12,0.681718282,,
6/20/2017,34.74,0.694105894,,
6/21/2017,35,0.699300699,,
6/22/2017,34.99,0.699100899,,
6/23/2017,35.12,0.701698302,,
6/24/2017,35.37666667,0.706826507,,
6/25/2017,35.63333333,0.711954712,,
6/26/2017,35.89,0.717082917,,
6/27/2017,35,0.699300699,,
6/28/2017,35,0.699300699,,
6/29/2017,35.3,0.705294705,,
6/30/2017,34.78,0.694905095,,
7/1/2017,34.90333333,0.697369297,,
7/2/2017,35.02666667,0.6998335,,
7/3/2017,35.15,0.702297702,,
7/4/2017,34.94,0.698101898,,
7/5/2017,34.73,0.693906094,,
7/6/2017,34.39,0.687112887,,
7/7/2017,34.02,0.67972028,,
7/8/2017,34.11666667,0.681651682,,
7/9/2017,34.21333333,0.683583084,,
7/10/2017,34.31,0.685514486,,
7/11/2017,34.97,0.698701299,,
7/12/2017,35.53,0.70989011,,
7/13/2017,36.61,0.731468531,,
7/14/2017,36.91,0.737462537,,
7/15/2017,36.95,0.738261738,,
7/16/2017,36.99,0.739060939,,
7/17/2017,37.03,0.73986014,,
7/18/2017,36.94,0.738061938,,
7/19/2017,36.95,0.738261738,,
7/20/2017,37.17,0.742657343,,
7/21/2017,36.2,0.723276723,,
7/22/2017,36.28333333,0.724941725,,
7/23/2017,36.36666667,0.726606727,,
7/24/2017,36.45,0.728271728,,
7/25/2017,36.33,0.725874126,,
7/26/2017,36.36,0.726473526,,
7/27/2017,37.09,0.741058941,,
7/28/2017,36.08,0.720879121,,
7/29/2017,36.08333333,0.720945721,,
7/30/2017,36.08666667,0.721012321,,
7/31/2017,36.09,0.721078921,,
8/1/2017,35.82,0.715684316,,
8/2/2017,35.69,0.713086913,,
8/3/2017,35.97,0.718681319,,
8/4/2017,35.86,0.716483516,,
8/5/2017,35.77666667,0.714818515,,
8/6/2017,35.69333333,0.713153513,,
8/7/2017,35.61,0.711488511,,
8/8/2017,35.96,0.718481518,,
8/9/2017,36.13,0.721878122,,
8/10/2017,35.95,0.718281718,,
8/11/2017,35.16,0.702497502,,
8/12/2017,35.25333333,0.704362304,,
8/13/2017,35.34666667,0.706227106,,
8/14/2017,35.44,0.708091908,,
8/15/2017,35.24,0.704095904,,
8/16/2017,35.23,0.703896104,,
8/17/2017,35.5,0.709290709,,
8/18/2017,34.83,0.695904096,,
8/19/2017,34.93,0.697902098,,
8/20/2017,35.03,0.6999001,,
8/21/2017,35.13,0.701898102,,
8/22/2017,34.37,0.686713287,,
8/23/2017,34.62,0.691708292,,
8/24/2017,34.86,0.696503497,,
8/25/2017,34.98,0.698901099,,
8/26/2017,34.90333333,0.697369297,,
8/27/2017,34.82666667,0.695837496,,
8/28/2017,34.75,0.694305694,,
8/29/2017,34.48,0.688911089,,
8/30/2017,35.14,0.702097902,,
8/31/2017,35.85,0.716283716,,
9/1/2017,36.2,0.723276723,,
9/2/2017,36.1975,0.723226773,,
9/3/2017,36.195,0.723176823,,
9/4/2017,36.1925,0.723126873,,
9/5/2017,36.19,0.723076923,,
9/6/2017,36.08,0.720879121,,
9/7/2017,36.95,0.738261738,,
9/8/2017,38.04,0.76003996,,
9/9/2017,38.04,0.76003996,,
9/10/2017,38.04,0.76003996,,
9/11/2017,38.04,0.76003996,,
9/12/2017,38.07,0.760639361,,
9/13/2017,38,0.759240759,,
9/14/2017,38.24,0.764035964,,
9/15/2017,38.27,0.764635365,,
9/16/2017,38.28,0.764835165,,
9/17/2017,38.29,0.765034965,,
9/18/2017,38.3,0.765234765,,
9/19/2017,38.5,0.769230769,,
9/20/2017,38.67,0.772627373,,
9/21/2017,38.55,0.77022977,,
9/22/2017,38.13,0.761838162,,
9/23/2017,38.16,0.762437562,,
9/24/2017,38.19,0.763036963,,
9/25/2017,38.22,0.763636364,,
9/26/2017,37.85,0.756243756,,
9/27/2017,38.03,0.75984016,,
9/28/2017,37.44,0.748051948,,
9/29/2017,37.73,0.753846154,,
9/30/2017,37.99,0.759040959,,
10/1/2017,38.25,0.764235764,,
10/2/2017,38.51,0.769430569,,
10/3/2017,38.78,0.774825175,,
10/4/2017,38.8,0.775224775,,
10/5/2017,38.76,0.774425574,,
10/6/2017,39.05,0.78021978,,
10/7/2017,38.96666667,0.778554779,,
10/8/2017,38.88333333,0.776889777,,
10/9/2017,38.8,0.775224775,,
10/10/2017,39.02,0.77962038,,
10/11/2017,38.85,0.776223776,,
10/12/2017,38.31,0.765434565,,
10/13/2017,38.35,0.766233766,,
10/14/2017,38.33,0.765834166,,
10/15/2017,38.31,0.765434565,,
10/16/2017,38.29,0.765034965,,
10/17/2017,37.76,0.754445554,,
10/18/2017,37.68,0.752847153,,
10/19/2017,36.48,0.728871129,,
10/20/2017,37.34,0.746053946,,
10/21/2017,37.44666667,0.748185148,,
10/22/2017,37.55333333,0.75031635,,
10/23/2017,37.66,0.752447552,,
10/24/2017,36.51,0.729470529,,
10/25/2017,36.66,0.732467532,,
10/26/2017,36.74,0.734065934,,
10/27/2017,37.07,0.740659341,,
10/28/2017,37,0.739260739,,
10/29/2017,36.93,0.737862138,,
10/30/2017,36.86,0.736463536,,
10/31/2017,37.11,0.741458541,,
11/1/2017,37.85,0.756243756,,
11/2/2017,37.49,0.749050949,,
11/3/2017,37.44,0.748051948,,
11/4/2017,37.42,0.747652348,,
11/5/2017,37.4,0.747252747,,
11/6/2017,37.38,0.746853147,,
11/7/2017,37.6,0.751248751,,
11/8/2017,37.3,0.745254745,,
11/9/2017,36.26,0.724475524,,
11/10/2017,35.51,0.709490509,,
11/11/2017,35.57333333,0.710755911,,
11/12/2017,35.63666667,0.712021312,,
11/13/2017,35.7,0.713286713,,
11/14/2017,35.71,0.713486513,,
11/15/2017,35.03,0.6999001,,
11/16/2017,35.37,0.706693307,,
11/17/2017,35.64,0.712087912,,
11/18/2017,35.63333333,0.711954712,,
11/19/2017,35.62666667,0.711821512,,
11/20/2017,35.62,0.711688312,,
11/21/2017,35.72,0.713686314,,
11/22/2017,36.05,0.72027972,,
11/23/2017,36.06,0.72047952,,
11/24/2017,36.07,0.720679321,,
11/25/2017,36.00666667,0.719413919,,
11/26/2017,35.94333333,0.718148518,,
11/27/2017,35.88,0.716883117,,
11/28/2017,35.99,0.719080919,,
11/29/2017,35.42,0.707692308,,
11/30/2017,34.48,0.688911089,,
12/1/2017,34.38,0.686913087,,
12/2/2017,34.78,0.694905095,,
12/3/2017,35.18,0.702897103,,
12/4/2017,35.58,0.710889111,,
12/5/2017,35.94,0.718081918,,
12/6/2017,36.64,0.732067932,,
12/7/2017,36.72,0.733666334,,
12/8/2017,37.25,0.744255744,,
12/9/2017,37.33666667,0.745987346,,
12/10/2017,37.42333333,0.747718948,,
12/11/2017,37.51,0.749450549,,
12/12/2017,37.44,0.748051948,,
12/13/2017,37.46,0.748451548,,
12/14/2017,37.41,0.747452547,,
12/15/2017,37.72,0.753646354,,
12/16/2017,37.98,0.758841159,,
12/17/2017,38.24,0.764035964,,
12/18/2017,38.5,0.769230769,,
12/19/2017,38.15,0.762237762,,
12/20/2017,37.87,0.756643357,,
12/21/2017,38.11,0.761438561,,
12/22/2017,37.69,0.753046953,,
12/23/2017,37.715,0.753546454,,
12/24/2017,37.74,0.754045954,,
12/25/2017,37.765,0.754545455,,
12/26/2017,37.79,0.755044955,,
12/27/2017,38.07,0.760639361,,
12/28/2017,37.46,0.748451548,,
12/29/2017,37.82,0.755644356,,
12/30/2017,37.9075,0.757392607,,
12/31/2017,37.995,0.759140859,,
1/1/2018,38.0825,0.760889111,,
1/2/2018,38.17,0.762637363,,
1/3/2018,37.99,0.759040959,,
1/4/2018,39.42,0.787612388,,
1/5/2018,38.85,0.776223776,,
1/6/2018,39.08333333,0.780885781,,
1/7/2018,39.31666667,0.785547786,,
1/8/2018,39.55,0.79020979,,
1/9/2018,40.1,0.801198801,,
1/10/2018,38.87,0.776623377,,
1/11/2018,37.84,0.756043956,,
1/12/2018,38,0.759240759,,
1/13/2018,38.0175,0.75959041,,
1/14/2018,38.035,0.75994006,,
1/15/2018,38.0525,0.76028971,,
1/16/2018,38.07,0.760639361,,
1/17/2018,38,0.759240759,,
1/18/2018,38.21,0.763436563,,
1/19/2018,38.75,0.774225774,,
1/20/2018,38.62,0.771628372,,
1/21/2018,38.49,0.769030969,,
1/22/2018,38.36,0.766433566,,
1/23/2018,39.59,0.791008991,,
1/24/2018,39.97,0.798601399,,
1/25/2018,39.93,0.797802198,,
1/26/2018,40.31,0.805394605,,
1/27/2018,40.40333333,0.807259407,,
1/28/2018,40.49666667,0.809124209,,
1/29/2018,40.59,0.810989011,,
1/30/2018,40.72,0.813586414,,
1/31/2018,40.48,0.808791209,,
2/1/2018,45.5,0.909090909,,
2/2/2018,45.16,0.909090909,,
2/3/2018,44.78,0.909090909,,
2/4/2018,44.4,0.909090909,,
2/5/2018,44.02,0.909090909,,
2/6/2018,41.72,0.888851013,,
2/7/2018,42.67,0.909090909,,
