date,open,normalized
2/8/2013,199.97,0.844047308
2/9/2013,200.3066667,0.845468334
2/10/2013,200.6433333,0.84688936
2/11/2013,200.98,0.848310386
2/12/2013,200.01,0.844216142
2/13/2013,200.65,0.846917499
2/14/2013,199.73,0.843034299
2/15/2013,199.98,0.844089516
2/16/2013,200.135,0.844743751
2/17/2013,200.29,0.845397986
2/18/2013,200.445,0.846052221
2/19/2013,200.6,0.846706455
2/20/2013,200.62,0.846790873
2/21/2013,198.63,0.838391342
2/22/2013,199.23,0.840923864
2/23/2013,200.0433333,0.844356838
2/24/2013,200.8566667,0.847789812
2/25/2013,201.67,0.851222786
2/26/2013,198.63,0.838391342
2/27/2013,198.89,0.839488768
2/28/2013,202.18,0.853375429
3/1/2013,200.65,0.846917499
3/2/2013,201.2966667,0.849646995
3/3/2013,201.9433333,0.85237649
3/4/2013,202.59,0.855105986
3/5/2013,205.86,0.86890823
3/6/2013,207.03,0.873846647
3/7/2013,208.29,0.879164943
3/8/2013,209.85,0.8857495
3/9/2013,209.9133333,0.886016821
3/10/2013,209.9766667,0.886284143
3/11/2013,210.04,0.886551465
3/12/2013,209.4,0.883850108
3/13/2013,210.2001,0.887227226
3/14/2013,212.15,0.8954575
3/15/2013,215.38,0.909090909
3/16/2013,214.5533333,0.905601657
3/17/2013,213.7266667,0.902112405
3/18/2013,212.9,0.898623152
3/19/2013,214.13,0.903814822
3/20/2013,214.76,0.90647397
3/21/2013,212.96,0.898876404
3/22/2013,212.21,0.895710752
3/23/2013,212.32,0.896175048
3/24/2013,212.43,0.896639344
3/25/2013,212.54,0.897103639
3/26/2013,211.77,0.89385357
3/27/2013,210.96,0.890434665
3/28/2013,209.83,0.885665082
3/29/2013,210.5725,0.888799078
3/30/2013,211.315,0.891933074
3/31/2013,212.0575,0.89506707
4/1/2013,212.8,0.898201065
4/2/2013,212.92,0.89870757
4/3/2013,214.32,0.904616787
4/4/2013,212.77,0.898074439
4/5/2013,209.1,0.882583848
4/6/2013,209.09,0.882541639
4/7/2013,209.08,0.88249943
4/8/2013,209.07,0.882457221
4/9/2013,209.56,0.884525448
4/10/2013,211.86,0.894233448
4/11/2013,211.5,0.892713935
4/12/2013,210.79,0.889717117
4/13/2013,210.6733333,0.889224682
4/14/2013,210.5566667,0.888732248
4/15/2013,210.44,0.888239813
4/16/2013,210.84,0.889928161
4/17/2013,210.53,0.888619691
4/18/2013,210.11,0.886846926
4/19/2013,195.74,0.826193029
4/20/2013,194.21,0.819735098
4/21/2013,192.68,0.813277168
4/22/2013,191.15,0.806819237
4/23/2013,189.27,0.798884002
4/24/2013,192.16,0.811082315
4/25/2013,192.69,0.813319376
4/26/2013,194.16,0.819524055
4/27/2013,194.3666667,0.820396368
4/28/2013,194.5733333,0.821268681
4/29/2013,194.78,0.822140994
4/30/2013,199.13,0.840501777
5/1/2013,201.87,0.85206696
5/2/2013,200.12,0.844680438
5/3/2013,203.94,0.86080416
5/4/2013,203.89,0.860593117
5/5/2013,203.84,0.860382073
5/6/2013,203.79,0.86017103
5/7/2013,202.81,0.856034577
5/8/2013,202.94,0.85658329
5/9/2013,204.69,0.863969812
5/10/2013,203.37,0.858398264
5/11/2013,203.64,0.859537899
5/12/2013,203.91,0.860677534
5/13/2013,204.18,0.861817169
5/14/2013,202.09,0.852995551
5/15/2013,202.25,0.85367089
5/16/2013,204,0.861057412
5/17/2013,205.25,0.866333499
5/18/2013,206.1733333,0.870230769
5/19/2013,207.0966667,0.874128039
5/20/2013,208.02,0.878025308
5/21/2013,207.24,0.87473303
5/22/2013,208.5,0.880051326
5/23/2013,205.48,0.867304299
5/24/2013,204.69,0.863969812
5/25/2013,205.3775,0.86687166
5/26/2013,206.065,0.869773508
5/27/2013,206.7525,0.872675356
5/28/2013,207.44,0.875577204
5/29/2013,206.22,0.870427743
5/30/2013,206.97,0.873593395
5/31/2013,208.59,0.880431204
6/1/2013,208.4766667,0.879952839
6/2/2013,208.3633333,0.879474473
6/3/2013,208.25,0.878996108
6/4/2013,208.6,0.880473413
6/5/2013,205.16,0.865953621
6/6/2013,203,0.856836543
6/7/2013,204.85,0.864645151
6/8/2013,205.5566667,0.8676279
6/9/2013,206.2633333,0.870610647
6/10/2013,206.97,0.873593395
6/11/2013,203.17,0.85755409
6/12/2013,204.59,0.863547725
6/13/2013,201.01,0.848437012
6/14/2013,203.97,0.860930786
6/15/2013,203.7933333,0.860185099
6/16/2013,203.6166667,0.859439412
6/17/2013,203.44,0.858693725
6/18/2013,203.02,0.85692096
6/19/2013,204.44,0.862914595
6/20/2013,200.67,0.847001916
6/21/2013,198.5,0.837842629
6/22/2013,196.9966667,0.831497255
6/23/2013,195.4933333,0.825151881
6/24/2013,193.99,0.818806507
6/25/2013,195.31,0.824378055
6/26/2013,195.97,0.827163829
6/27/2013,196.05,0.827501498
6/28/2013,191.73,0.809267341
6/29/2013,191.87,0.809858263
6/30/2013,192.01,0.810449185
7/1/2013,192.15,0.811040107
7/2/2013,190.78,0.805257515
7/3/2013,190.65,0.804708802
7/4/2013,192.57,0.812812872
7/5/2013,194.49,0.820916942
7/6/2013,194.86,0.822478664
7/7/2013,195.23,0.824040385
7/8/2013,195.6,0.825602107
7/9/2013,191.88,0.809900472
7/10/2013,191.51,0.80833875
7/11/2013,193.78,0.817920124
7/12/2013,193.07,0.814923307
7/13/2013,192.8533333,0.814008785
7/14/2013,192.6366667,0.813094263
7/15/2013,192.42,0.812179742
7/16/2013,194.04,0.81901755
7/17/2013,194.72,0.821887742
7/18/2013,198.27,0.836871829
7/19/2013,197.91,0.835352316
7/20/2013,196.4066667,0.829006942
7/21/2013,194.9033333,0.822661568
7/22/2013,193.4,0.816316194
7/23/2013,194.21,0.819735098
7/24/2013,195.95,0.827079411
7/25/2013,196.3,0.828556716
7/26/2013,196.59,0.829780768
7/27/2013,196.67,0.830118438
7/28/2013,196.75,0.830456107
7/29/2013,196.83,0.830793777
7/30/2013,196.99,0.831469116
7/31/2013,194.49,0.820916942
8/1/2013,196.65,0.83003402
8/2/2013,195.5,0.82518002
8/3/2013,195.3866667,0.824701655
8/4/2013,195.2733333,0.824223289
8/5/2013,195.16,0.823744924
8/6/2013,192.26,0.811504402
8/7/2013,189.6,0.800276889
8/8/2013,189.45,0.799643759
8/9/2013,188,0.793523498
8/10/2013,187.6566667,0.792074332
8/11/2013,187.3133333,0.790625167
8/12/2013,186.97,0.789176002
8/13/2013,189.54,0.800023637
8/14/2013,188.58,0.795971602
8/15/2013,186.23,0.786052558
8/16/2013,185.54,0.783140158
8/17/2013,185.46,0.782802489
8/18/2013,185.38,0.782464819
8/19/2013,185.3,0.782127149
8/20/2013,184.37,0.778201741
8/21/2013,184.67,0.779468002
8/22/2013,185.65,0.783604454
8/23/2013,185.34,0.782295984
8/24/2013,185.3166667,0.782197497
8/25/2013,185.2933333,0.78209901
8/26/2013,185.27,0.782000523
8/27/2013,183.63,0.775078297
8/28/2013,182.68,0.771068471
8/29/2013,181.96,0.768029445
8/30/2013,182.75,0.771363932
8/31/2013,182.97,0.772292523
9/1/2013,183.19,0.773221114
9/2/2013,183.41,0.774149706
9/3/2013,183.63,0.775078297
9/4/2013,183.58,0.774867254
9/5/2013,183.35,0.773896454
9/6/2013,184.65,0.779383584
9/7/2013,184.3266667,0.778018836
9/8/2013,184.0033333,0.776654088
9/9/2013,183.68,0.775289341
9/10/2013,187.2,0.790146802
9/11/2013,186.83,0.78858508
9/12/2013,190.96,0.806017272
9/13/2013,191.21,0.807072489
9/14/2013,192.04,0.810575811
9/15/2013,192.87,0.814079133
9/16/2013,193.7,0.817582455
9/17/2013,193.42,0.816400611
9/18/2013,192.6,0.812939498
9/19/2013,194.18,0.819608472
9/20/2013,193.96,0.818679881
9/21/2013,192.66,0.81319275
9/22/2013,191.36,0.80770562
9/23/2013,190.06,0.802218489
9/24/2013,190.93,0.805890646
9/25/2013,190.14,0.802556159
9/26/2013,190.1,0.802387324
9/27/2013,188.92,0.797406698
9/28/2013,187.8,0.792679324
9/29/2013,186.68,0.78795195
9/30/2013,185.56,0.783224576
10/1/2013,185.34,0.782295984
10/2/2013,185.54,0.783140158
10/3/2013,184.7,0.779594628
10/4/2013,184.17,0.777357567
10/5/2013,183.3966667,0.774093428
10/6/2013,182.6233333,0.770829288
10/7/2013,181.85,0.767565149
10/8/2013,181.89,0.767733984
10/9/2013,179.37,0.757097392
10/10/2013,183.17,0.773136697
10/11/2013,185.25,0.781916106
10/12/2013,185.3033333,0.782141219
10/13/2013,185.3566667,0.782366332
10/14/2013,185.41,0.782591445
10/15/2013,185.74,0.783984332
10/16/2013,185.42,0.782633654
10/17/2013,173.84,0.733755983
10/18/2013,174.8,0.737808018
10/19/2013,174.6733333,0.737273374
10/20/2013,174.5466667,0.736738731
10/21/2013,174.42,0.736204087
10/22/2013,173.35,0.731687757
10/23/2013,175.09,0.73903207
10/24/2013,176.43,0.744688036
10/25/2013,178.43,0.753129775
10/26/2013,177.9666667,0.751174105
10/27/2013,177.5033333,0.749218435
10/28/2013,177.04,0.747262766
10/29/2013,177.62,0.74971087
10/30/2013,181.69,0.76688981
10/31/2013,179.65,0.758279236
11/1/2013,179.81,0.758954575
11/2/2013,179.84,0.759081201
11/3/2013,179.87,0.759207827
11/4/2013,179.9,0.759334453
11/5/2013,179.54,0.75781494
11/6/2013,177.91,0.750934923
11/7/2013,179.6,0.758068192
11/8/2013,178.83,0.754818123
11/9/2013,179.2833333,0.756731584
11/10/2013,179.7366667,0.758645045
11/11/2013,180.19,0.760558505
11/12/2013,182.53,0.77043534
11/13/2013,182.27,0.769337914
11/14/2013,180.48,0.761782558
11/15/2013,182.38,0.76980221
11/16/2013,182.76,0.771406141
11/17/2013,183.14,0.773010071
11/18/2013,183.52,0.774614001
11/19/2013,184.63,0.779299167
11/20/2013,185.22,0.78178948
11/21/2013,185.54,0.783140158
11/22/2013,183.5001,0.774530006
11/23/2013,182.4167333,0.769957257
11/24/2013,181.3333667,0.765384507
11/25/2013,180.25,0.760811758
11/26/2013,178.67,0.754142784
11/27/2013,177.83,0.750597253
11/28/2013,178.52,0.753509653
11/29/2013,179.21,0.756422053
11/30/2013,179.2933333,0.756773792
12/1/2013,179.3766667,0.757125532
12/2/2013,179.46,0.757477271
12/3/2013,177,0.747093931
12/4/2013,175.37,0.740213914
12/5/2013,176.15,0.743506192
12/6/2013,176.7,0.74582767
12/7/2013,177.13,0.747642644
12/8/2013,177.56,0.749457618
12/9/2013,177.99,0.751272592
12/10/2013,176.9,0.746671844
12/11/2013,177,0.747093931
12/12/2013,175.06,0.738905444
12/13/2013,173.52,0.732405305
12/14/2013,173.42,0.731983218
12/15/2013,173.32,0.731561131
12/16/2013,173.22,0.731139044
12/17/2013,177.36,0.748613444
12/18/2013,176.45,0.744772453
12/19/2013,177.88,0.750808297
12/20/2013,180.12,0.760263045
12/21/2013,180.43,0.761571514
12/22/2013,180.74,0.762879984
12/23/2013,181.05,0.764188453
12/24/2013,181.955,0.76800834
12/25/2013,182.7575,0.771395588
12/26/2013,183.56,0.774782836
12/27/2013,185.84,0.784406419
12/28/2013,185.6666667,0.783674802
12/29/2013,185.4933333,0.782943184
12/30/2013,185.32,0.782211567
12/31/2013,186.49,0.787149984
1/1/2014,186.85,0.788669497
1/2/2014,187.21,0.790189011
1/3/2014,185.83,0.78436421
1/4/2014,186.27,0.786221393
1/5/2014,186.71,0.788078576
1/6/2014,187.15,0.789935758
1/7/2014,186.39,0.786727897
1/8/2014,189.33,0.799137254
1/9/2014,189.02,0.797828785
1/10/2014,188.31,0.794831967
1/11/2014,187.6266667,0.791947706
1/12/2014,186.9433333,0.789063445
1/13/2014,186.26,0.786179184
1/14/2014,185.06,0.781114141
1/15/2014,185.82,0.784322002
1/16/2014,187.53,0.791539689
1/17/2014,188.04,0.793692332
1/18/2014,188.5875,0.796003259
1/19/2014,189.135,0.798314185
1/20/2014,189.6825,0.800625111
1/21/2014,190.23,0.802936037
1/22/2014,181.28,0.765159253
1/23/2014,181.43,0.765792384
1/24/2014,181.25,0.765032627
1/25/2014,180.7016667,0.762718184
1/26/2014,180.1533333,0.76040374
1/27/2014,179.605,0.758089297
1/28/2014,178.05,0.751525844
1/29/2014,175.98,0.742788644
1/30/2014,177.17,0.747811479
1/31/2014,176.11,0.743337357
2/1/2014,176.08,0.743210731
2/2/2014,176.05,0.743084105
2/3/2014,176.02,0.742957479
2/4/2014,173.53,0.732447513
2/5/2014,172.19,0.726791548
2/6/2014,173.97,0.734304696
2/7/2014,175.64,0.741353548
2/8/2014,176.0833333,0.743224801
2/9/2014,176.5266667,0.745096053
2/10/2014,176.97,0.746967305
2/11/2014,176.81,0.746291966
2/12/2014,179.52,0.757730523
2/13/2014,178.22,0.752243392
2/14/2014,181.26,0.765074836
2/15/2014,181.74,0.767100853
2/16/2014,182.22,0.769126871
2/17/2014,182.7,0.771152888
2/18/2014,183.18,0.773178906
2/19/2014,182.74,0.771321723
2/20/2014,182.96,0.772250314
2/21/2014,184.25,0.777695236
2/22/2014,183.7733333,0.775683288
2/23/2014,183.2966667,0.773671341
2/24/2014,182.82,0.771659393
2/25/2014,183.52,0.774614001
2/26/2014,183.94,0.776386767
2/27/2014,183.83,0.775922471
2/28/2014,185.38,0.782464819
3/1/2014,184.6966667,0.779580558
3/2/2014,184.0133333,0.776696297
3/3/2014,183.33,0.773812036
3/4/2014,185.81,0.784279793
3/5/2014,186.57,0.787487654
3/6/2014,187.37,0.79086435
3/7/2014,188.35,0.795000802
3/8/2014,188.0833333,0.793875237
3/9/2014,187.8166667,0.792749672
3/10/2014,187.55,0.791624106
3/11/2014,187.41,0.791033184
3/12/2014,186.01,0.785123967
3/13/2014,186.41,0.786812315
3/14/2014,183.89,0.776175723
3/15/2014,183.48,0.774445167
3/16/2014,183.07,0.77271461
3/17/2014,182.66,0.770984054
3/18/2014,185.99,0.78503955
3/19/2014,185.6,0.78339341
3/20/2014,184.47,0.778623828
3/21/2014,188.5,0.795633932
3/22/2014,188.1433333,0.794128489
3/23/2014,187.7866667,0.792623046
3/24/2014,187.43,0.791117602
3/25/2014,188.76,0.796731359
3/26/2014,194.98,0.822985168
3/27/2014,191.91,0.810027098
3/28/2014,189.94,0.801711985
3/29/2014,190.5066667,0.804103811
3/30/2014,191.0733333,0.806495637
3/31/2014,191.64,0.808887463
4/1/2014,193.12,0.81513435
4/2/2014,194.24,0.819861724
4/3/2014,193.2,0.81547202
4/4/2014,193.12,0.81513435
4/5/2014,192.6533333,0.813164611
4/6/2014,192.1866667,0.811194872
4/7/2014,191.72,0.809225133
4/8/2014,193.89,0.81838442
4/9/2014,193.88,0.818342211
4/10/2014,196.06,0.827543707
4/11/2014,195.04,0.82323842
4/12/2014,195.44,0.824926768
4/13/2014,195.84,0.826615116
4/14/2014,196.24,0.828303464
4/15/2014,195.98,0.827206038
4/16/2014,198.05,0.835943238
4/17/2014,187.25,0.790357845
4/18/2014,187.8875,0.79304865
4/19/2014,188.525,0.795739454
4/20/2014,189.1625,0.798430259
4/21/2014,189.8,0.801121063
4/22/2014,192.01,0.810449185
4/23/2014,191.79,0.809520594
4/24/2014,192.22,0.811335568
4/25/2014,190.54,0.804244507
4/26/2014,190.74,0.80508868
4/27/2014,190.94,0.805932854
4/28/2014,191.14,0.806777028
4/29/2014,193.59,0.817118159
4/30/2014,194.38,0.820452646
5/1/2014,196.31,0.828598925
5/2/2014,193.75,0.817793498
5/3/2014,192.85,0.813994715
5/4/2014,191.95,0.810195933
5/5/2014,191.05,0.80639715
5/6/2014,190.93,0.805890646
5/7/2014,189.34,0.799179463
5/8/2014,189.16,0.798419706
5/9/2014,188.98,0.79765995
5/10/2014,189.6933333,0.800670837
5/11/2014,190.4066667,0.803681724
5/12/2014,191.12,0.806692611
5/13/2014,192.79,0.813741463
5/14/2014,191.91,0.810027098
5/15/2014,189.07,0.798039828
5/16/2014,186.27,0.786221393
5/17/2014,186.3833333,0.786699758
5/18/2014,186.4966667,0.787178124
5/19/2014,186.61,0.787656489
5/20/2014,186.25,0.786136976
5/21/2014,185.85,0.784448628
5/22/2014,186.45,0.78698115
5/23/2014,185.84,0.784406419
5/24/2014,185.58,0.783308993
5/25/2014,185.32,0.782211567
5/26/2014,185.06,0.781114141
5/27/2014,184.8,0.780016715
5/28/2014,184.48,0.778666036
5/29/2014,183.64,0.775120506
5/30/2014,183.38,0.77402308
5/31/2014,183.84,0.77596468
6/1/2014,184.3,0.77790628
6/2/2014,184.76,0.77984788
6/3/2014,185.55,0.783182367
6/4/2014,184.71,0.779636836
6/5/2014,184.66,0.779425793
6/6/2014,186.47,0.787065567
6/7/2014,186.3866667,0.786713828
6/8/2014,186.3033333,0.786362089
6/9/2014,186.22,0.78601035
6/10/2014,186.2,0.785925932
6/11/2014,183.61,0.77499388
6/12/2014,182.48,0.770224297
6/13/2014,182,0.76819828
6/14/2014,182.1333333,0.768761062
6/15/2014,182.2666667,0.769323845
6/16/2014,182.4,0.769886627
6/17/2014,181.9,0.767776193
6/18/2014,182.04,0.768367114
6/19/2014,184.12,0.777146523
6/20/2014,182.59,0.770688593
6/21/2014,182.3666667,0.769745932
6/22/2014,182.1433333,0.768803271
6/23/2014,181.92,0.76786061
6/24/2014,181.5,0.766087845
6/25/2014,180.25,0.760811758
6/26/2014,180.87,0.763428697
6/27/2014,179.77,0.75878574
6/28/2014,180.29,0.760980592
6/29/2014,180.81,0.763175445
6/30/2014,181.33,0.765370297
7/1/2014,181.7,0.766932019
7/2/2014,186.34,0.786516854
7/3/2014,188.39,0.795169637
7/4/2014,188.195,0.794346567
7/5/2014,188,0.793523498
7/6/2014,187.805,0.792700428
7/7/2014,187.61,0.791877358
7/8/2014,187.65,0.792046193
7/9/2014,187.68,0.792172819
7/10/2014,186.44,0.786938941
7/11/2014,187.73,0.792383863
7/12/2014,188.0033333,0.793537567
7/13/2014,188.2766667,0.794691272
7/14/2014,188.55,0.795844976
7/15/2014,189.54,0.800023637
7/16/2014,192.24,0.811419985
7/17/2014,192.36,0.811926489
7/18/2014,191.96,0.810238141
7/19/2014,191.74,0.80930955
7/20/2014,191.52,0.808380959
7/21/2014,191.3,0.807452367
7/22/2014,191.59,0.80867642
7/23/2014,194.11,0.819313011
7/24/2014,193.95,0.818637672
7/25/2014,195.3,0.824335846
7/26/2014,194.9666667,0.82292889
7/27/2014,194.6333333,0.821521933
7/28/2014,194.3,0.820114976
7/29/2014,195.3,0.824335846
7/30/2014,195.2,0.823913759
7/31/2014,192.84,0.813952507
8/1/2014,190.5,0.804075672
8/2/2014,190.1166667,0.802457672
8/3/2014,189.7333333,0.800839672
8/4/2014,189.35,0.799221672
8/5/2014,188.75,0.79668915
8/6/2014,185.36,0.782380402
8/7/2014,186.64,0.787783115
8/8/2014,184.4,0.778328367
8/9/2014,185.5366667,0.783126089
8/10/2014,186.6733333,0.78792381
8/11/2014,187.81,0.792721532
8/12/2014,187.45,0.791202019
8/13/2014,188,0.793523498
8/14/2014,187.57,0.791708524
8/15/2014,187.85,0.792890367
8/16/2014,187.9333333,0.793242106
8/17/2014,188.0166667,0.793593846
8/18/2014,188.1,0.793945585
8/19/2014,190.04,0.802134072
8/20/2014,189.86,0.801374315
8/21/2014,190.9,0.80576402
8/22/2014,190.77,0.805215307
8/23/2014,190.9766667,0.80608762
8/24/2014,191.1833333,0.806959933
8/25/2014,191.39,0.807832246
8/26/2014,191.02,0.806270524
8/27/2014,193.03,0.814754472
8/28/2014,191.47,0.808169915
8/29/2014,192.28,0.81158882
8/30/2014,192.38,0.812010907
8/31/2014,192.48,0.812432994
9/1/2014,192.58,0.812855081
9/2/2014,192.68,0.813277168
9/3/2014,192.39,0.812053115
9/4/2014,191.69,0.809098507
9/5/2014,190.53,0.804202298
9/6/2014,190.6033333,0.804511828
9/7/2014,190.6766667,0.804821359
9/8/2014,190.75,0.805130889
9/9/2014,190.34,0.803400333
9/10/2014,190.12,0.802471741
9/11/2014,191.08,0.806523776
9/12/2014,191.47,0.808169915
9/13/2014,191.4533333,0.808099567
9/14/2014,191.4366667,0.80802922
9/15/2014,191.42,0.807958872
9/16/2014,191.25,0.807241324
9/17/2014,193.22,0.815556437
9/18/2014,192.79,0.813741463
9/19/2014,194.54,0.821127985
9/20/2014,194.2666667,0.819974281
9/21/2014,193.9933333,0.818820576
9/22/2014,193.72,0.817666872
9/23/2014,192.75,0.813572629
9/24/2014,191,0.806186107
9/25/2014,192.05,0.81061802
9/26/2014,188.93,0.797448906
9/27/2014,188.79,0.796857985
9/28/2014,188.65,0.796267063
9/29/2014,188.51,0.795676141
9/30/2014,189.91,0.801585359
10/1/2014,189.91,0.801585359
10/2/2014,187.66,0.792088402
10/3/2014,188.11,0.793987793
10/4/2014,188.6366667,0.796210785
10/5/2014,189.1633333,0.798433776
10/6/2014,189.69,0.800656767
10/7/2014,187.77,0.792552698
10/8/2014,185.97,0.784955132
10/9/2014,189.12,0.798250872
10/10/2014,185.86,0.784490836
10/11/2014,185.7366667,0.783970263
10/12/2014,185.6133333,0.783449688
10/13/2014,185.49,0.782929115
10/14/2014,184.89,0.780396593
10/15/2014,182.46,0.77013988
10/16/2014,179.8,0.758912366
10/17/2014,181.24,0.764990419
10/18/2014,176.4416667,0.744737279
10/19/2014,171.6433333,0.724484139
10/20/2014,166.845,0.704231
10/21/2014,166.4,0.702352713
10/22/2014,162.41,0.685511443
10/23/2014,162.12,0.684287391
10/24/2014,162.08,0.684118556
10/25/2014,162.0533333,0.684005999
10/26/2014,162.0266667,0.683893443
10/27/2014,162,0.683780886
10/28/2014,162,0.683780886
10/29/2014,164.33,0.693615513
10/30/2014,163.5,0.690112191
10/31/2014,165.48,0.698469513
11/1/2014,165.07,0.696738956
11/2/2014,164.66,0.6950084
11/3/2014,164.25,0.693277843
11/4/2014,164.34,0.693657721
11/5/2014,163.13,0.688550469
11/6/2014,161.28,0.68074186
11/7/2014,161.42,0.681332782
11/8/2014,161.58,0.682008121
11/9/2014,161.74,0.68268346
11/10/2014,161.9,0.683358799
11/11/2014,163.7,0.690956365
11/12/2014,162.28,0.68496273
11/13/2014,162,0.683780886
11/14/2014,162.1,0.684202973
11/15/2014,162.7866667,0.687101304
11/16/2014,163.4733333,0.689999634
11/17/2014,164.16,0.692897965
11/18/2014,164.73,0.69530386
11/19/2014,162.05,0.68399193
11/20/2014,160.95,0.679348973
11/21/2014,161.83,0.683063338
11/22/2014,161.7333333,0.682655321
11/23/2014,161.6366667,0.682247304
11/24/2014,161.54,0.681839286
11/25/2014,162.65,0.686524451
11/26/2014,161.93,0.683485425
11/27/2014,162.34,0.685215982
11/28/2014,162.75,0.686946538
11/29/2014,162.38,0.685384817
11/30/2014,162.01,0.683823095
12/1/2014,161.64,0.682261373
12/2/2014,162.47,0.685764695
12/3/2014,162.47,0.685764695
12/4/2014,164.01,0.692264834
12/5/2014,163.61,0.690576486
12/6/2014,163.5033333,0.69012626
12/7/2014,163.3966667,0.689676034
12/8/2014,163.29,0.689225808
12/9/2014,160.84,0.678884677
12/10/2014,163.01,0.688043965
12/11/2014,160.82,0.67880026
12/12/2014,160.25,0.676394364
12/13/2014,158.81,0.670316312
12/14/2014,157.37,0.66423826
12/15/2014,155.93,0.658160207
12/16/2014,152.03,0.641698816
12/17/2014,151.52,0.639546172
12/18/2014,153.58,0.648241164
12/19/2014,157.49,0.664744764
12/20/2014,157.77,0.665926608
12/21/2014,158.05,0.667108451
12/22/2014,158.33,0.668290295
12/23/2014,162.23,0.684751686
12/24/2014,162.88,0.687495252
12/25/2014,162.575,0.686207886
12/26/2014,162.27,0.684920521
12/27/2014,162.18,0.684540643
12/28/2014,162.09,0.684160764
12/29/2014,162,0.683780886
12/30/2014,160.02,0.675423564
12/31/2014,160.41,0.677069703
1/1/2015,160.86,0.678969095
1/2/2015,161.31,0.680868486
1/3/2015,161.2966667,0.680812208
1/4/2015,161.2833333,0.680755929
1/5/2015,161.27,0.680699651
1/6/2015,159.67,0.67394626
1/7/2015,157.2,0.663520712
1/8/2015,156.24,0.659468677
1/9/2015,158.42,0.668670173
1/10/2015,158.6133333,0.669486207
1/11/2015,158.8066667,0.670302243
1/12/2015,159,0.671118277
1/13/2015,157.26,0.663773964
1/14/2015,154.86,0.653643877
1/15/2015,156.69,0.661368068
1/16/2015,153.82,0.649254172
1/17/2015,154.54,0.652293198
1/18/2015,155.26,0.655332225
1/19/2015,155.98,0.658371251
1/20/2015,156.7,0.661410277
1/21/2015,153.03,0.645919685
1/22/2015,151.94,0.641318937
1/23/2015,155.03,0.654361425
1/24/2015,156.1066667,0.658905894
1/25/2015,157.1833333,0.663450364
1/26/2015,158.26,0.667994834
1/27/2015,154.94,0.653981546
1/28/2015,154,0.650013929
1/29/2015,151.38,0.63895525
1/30/2015,153.91,0.649634051
1/31/2015,153.94,0.649760677
2/1/2015,153.97,0.649887303
2/2/2015,154,0.650013929
2/3/2015,154.75,0.653179581
2/4/2015,157.21,0.663562921
2/5/2015,157.29,0.66390059
2/6/2015,157.34,0.664111634
2/7/2015,156.8933333,0.662226312
2/8/2015,156.4466667,0.66034099
2/9/2015,156,0.658455668
2/10/2015,156.74,0.661579112
2/11/2015,157.76,0.665884399
2/12/2015,158.72,0.669936434
2/13/2015,158.78,0.670189686
2/14/2015,159.0225,0.671213247
2/15/2015,159.265,0.672236808
2/16/2015,159.5075,0.673260369
2/17/2015,159.75,0.674283929
2/18/2015,161.86,0.683189964
2/19/2015,162.05,0.68399193
2/20/2015,163.64,0.690703112
2/21/2015,163.8366667,0.691533217
2/22/2015,164.0333333,0.692363321
2/23/2015,164.23,0.693193426
2/24/2015,162.49,0.685849112
2/25/2015,164.94,0.696190243
2/26/2015,163.74,0.691125199
2/27/2015,161.05,0.67977106
2/28/2015,161.26,0.680657443
3/1/2015,161.47,0.681543825
3/2/2015,161.68,0.682430208
3/3/2015,160.27,0.676478782
3/4/2015,160.54,0.677618416
3/5/2015,159.86,0.674748225
3/6/2015,160.19,0.676141112
3/7/2015,159.5266667,0.673341269
3/8/2015,158.8633333,0.670541425
3/9/2015,158.2,0.667741581
3/10/2015,159.6,0.673650799
3/11/2015,158.57,0.669303303
3/12/2015,156.27,0.659595303
3/13/2015,157.46,0.664618138
3/14/2015,156.6566667,0.661227373
3/15/2015,155.8533333,0.657836607
3/16/2015,155.05,0.654445842
3/17/2015,156.2,0.659299842
3/18/2015,156.85,0.662043407
3/19/2015,159.7,0.674072886
3/20/2015,160.95,0.679348973
3/21/2015,161.5566667,0.681909634
3/22/2015,162.1633333,0.684470295
3/23/2015,162.77,0.687030956
3/24/2015,164.79,0.695557113
3/25/2015,163.08,0.688339425
3/26/2015,159.27,0.672257912
3/27/2015,160.79,0.678673634
3/28/2015,160.9633333,0.679405251
3/29/2015,161.1366667,0.680136869
3/30/2015,161.31,0.680868486
3/31/2015,161.08,0.679897686
4/1/2015,160.23,0.676309947
4/2/2015,159.52,0.673313129
4/3/2015,159.5625,0.673492516
4/4/2015,159.605,0.673671903
4/5/2015,159.6475,0.67385129
4/6/2015,159.69,0.674030677
4/7/2015,161.67,0.682387999
4/8/2015,161.72,0.682599043
4/9/2015,161.7,0.682514625
4/10/2015,162.34,0.685215982
4/11/2015,162.35,0.685258191
4/12/2015,162.36,0.685300399
4/13/2015,162.37,0.685342608
4/14/2015,162.42,0.685553651
4/15/2015,162.63,0.686440034
4/16/2015,163.31,0.689310225
4/17/2015,161.75,0.682725669
4/18/2015,161.8666667,0.683218104
4/19/2015,161.9833333,0.683710538
4/20/2015,162.1,0.684202973
4/21/2015,166.07,0.700959826
4/22/2015,164.39,0.693868765
4/23/2015,165.23,0.697414295
4/24/2015,170.23,0.718518644
4/25/2015,170.45,0.719447235
4/26/2015,170.67,0.720375826
4/27/2015,170.89,0.721304418
4/28/2015,170.83,0.721051165
4/29/2015,173.4,0.7318988
4/30/2015,173.77,0.733460522
5/1/2015,173.2,0.731054626
5/2/2015,173.6233333,0.732841461
5/3/2015,174.0466667,0.734628296
5/4/2015,174.47,0.736415131
5/5/2015,173.51,0.732363096
5/6/2015,172.9,0.729788366
5/7/2015,169.63,0.715986122
5/8/2015,172.94,0.7299572
5/9/2015,172.8433333,0.729549183
5/10/2015,172.7466667,0.729141166
5/11/2015,172.65,0.728733148
5/12/2015,170.55,0.719869322
5/13/2015,171.24,0.722781722
5/14/2015,173.5,0.732320887
5/15/2015,173.91,0.734051444
5/16/2015,173.7533333,0.733390174
5/17/2015,173.5966667,0.732728905
5/18/2015,173.44,0.732067635
5/19/2015,172.97,0.730083826
5/20/2015,173.33,0.73160334
5/21/2015,173.32,0.731561131
5/22/2015,173.04,0.730379287
5/23/2015,172.8075,0.729397935
5/24/2015,172.575,0.728416583
5/25/2015,172.3425,0.727435231
5/26/2015,172.11,0.726453879
5/27/2015,171.16,0.722444052
5/28/2015,171.45,0.723668105
5/29/2015,171.35,0.723246018
5/30/2015,170.97,0.721642087
5/31/2015,170.59,0.720038157
6/1/2015,170.21,0.718434226
6/2/2015,169.66,0.716112748
6/3/2015,170.5,0.719658278
6/4/2015,169.53,0.715564035
6/5/2015,168.25,0.710161322
6/6/2015,167.89,0.708641809
6/7/2015,167.53,0.707122295
6/8/2015,167.17,0.705602782
6/9/2015,165.34,0.697878591
6/10/2015,166.49,0.702732591
6/11/2015,169.26,0.7144244
6/12/2015,168.23,0.710076904
6/13/2015,167.2633333,0.70599673
6/14/2015,166.2966667,0.701916556
6/15/2015,165.33,0.697836382
6/16/2015,166.33,0.702057252
6/17/2015,167,0.704885235
6/18/2015,167.05,0.705096278
6/19/2015,167.62,0.707502174
6/20/2015,167.63,0.707544382
6/21/2015,167.64,0.707586591
6/22/2015,167.65,0.7076288
6/23/2015,168.38,0.710710035
6/24/2015,168.71,0.712102922
6/25/2015,167.8,0.70826193
6/26/2015,166.23,0.701635165
6/27/2015,165.46,0.698385095
6/28/2015,164.69,0.695135026
6/29/2015,163.92,0.691884956
6/30/2015,163.99,0.692180417
7/1/2015,163.97,0.692095999
7/2/2015,165.05,0.696654539
7/3/2015,164.745,0.695367173
7/4/2015,164.44,0.694079808
7/5/2015,164.135,0.692792443
7/6/2015,163.83,0.691505078
7/7/2015,164.94,0.696190243
7/8/2015,164,0.692222626
7/9/2015,165.34,0.697878591
7/10/2015,165.66,0.699229269
7/11/2015,166.4166667,0.702423061
7/12/2015,167.1733333,0.705616852
7/13/2015,167.93,0.708810643
7/14/2015,169.43,0.715141948
7/15/2015,168.48,0.711132122
7/16/2015,169.47,0.715310783
7/17/2015,170.33,0.718940731
7/18/2015,171.15,0.722401844
7/19/2015,171.97,0.725862957
7/20/2015,172.79,0.72932407
7/21/2015,164.34,0.693657721
7/22/2015,162.73,0.686862121
7/23/2015,160.27,0.676478782
7/24/2015,161.29,0.680784069
7/25/2015,160.5266667,0.677562138
7/26/2015,159.7633333,0.674340208
7/27/2015,159,0.671118277
7/28/2015,159.91,0.674959269
7/29/2015,160,0.675339147
7/30/2015,160.5,0.677449582
7/31/2015,161.4,0.681248364
8/1/2015,161.5,0.681670451
8/2/2015,161.6,0.682092538
8/3/2015,161.7,0.682514625
8/4/2015,158.4,0.668585755
8/5/2015,159.1,0.671540364
8/6/2015,157.13,0.663225251
8/7/2015,155.89,0.657991373
8/8/2015,156.1833333,0.659229494
8/9/2015,156.4766667,0.660467616
8/10/2015,156.77,0.661705738
8/11/2015,155.96,0.658286833
8/12/2015,154.26,0.651111355
8/13/2015,156.06,0.65870892
8/14/2015,155,0.654234799
8/15/2015,155.0666667,0.65451619
8/16/2015,155.1333333,0.654797581
8/17/2015,155.2,0.655078972
8/18/2015,155.51,0.656387442
8/19/2015,155.15,0.654867929
8/20/2015,152.74,0.644695633
8/21/2015,151.5,0.639461755
8/22/2015,148.8233333,0.628163893
8/23/2015,146.1466667,0.616866033
8/24/2015,143.47,0.605568171
8/25/2015,146.94,0.620214589
8/26/2015,144.09,0.60818511
8/27/2015,148.5,0.626799146
8/28/2015,147.75,0.623633493
8/29/2015,147.6266667,0.62311292
8/30/2015,147.5033333,0.622592345
8/31/2015,147.38,0.622071772
9/1/2015,144.91,0.611646224
9/2/2015,144.92,0.611688432
9/3/2015,146.05,0.616458015
9/4/2015,144.57,0.610211128
9/5/2015,144.8925,0.611572358
9/6/2015,145.215,0.612933589
9/7/2015,145.5375,0.614294819
9/8/2015,145.86,0.61565605
9/9/2015,148.74,0.627812154
9/10/2015,145.85,0.615613841
9/11/2015,145.91,0.615867093
9/12/2015,146.3966667,0.61792125
9/13/2015,146.8833333,0.619975406
9/14/2015,147.37,0.622029563
9/15/2015,146.6,0.618779493
9/16/2015,147.84,0.624013372
9/17/2015,148.1,0.625110798
9/18/2015,146.05,0.616458015
9/19/2015,145.83,0.615529424
9/20/2015,145.61,0.614600832
9/21/2015,145.39,0.613672241
9/22/2015,144.62,0.610422171
9/23/2015,144.21,0.608691615
9/24/2015,142.6,0.601896015
9/25/2015,145.55,0.61434758
9/26/2015,145.1733333,0.612757719
9/27/2015,144.7966667,0.611167858
9/28/2015,144.42,0.609577997
9/29/2015,141.99,0.599321284
9/30/2015,143.69,0.606496763
10/1/2015,145.31,0.613334571
10/2/2015,141.05,0.595353667
10/3/2015,142.64,0.602064849
10/4/2015,144.23,0.608776032
10/5/2015,145.82,0.615487215
10/6/2015,149.06,0.629162833
10/7/2015,150.04,0.633299285
10/8/2015,149.69,0.631821981
10/9/2015,152.46,0.64351379
10/10/2015,152.44,0.643429372
10/11/2015,152.42,0.643344955
10/12/2015,152.4,0.643260537
10/13/2015,150.78,0.636422729
10/14/2015,149.6,0.631442102
10/15/2015,150.91,0.636971442
10/16/2015,150.45,0.635029842
10/17/2015,150.25,0.634185668
10/18/2015,150.05,0.633341494
10/19/2015,149.85,0.63249732
10/20/2015,142.49,0.601431719
10/21/2015,140.25,0.591976971
10/22/2015,141.74,0.598266067
10/23/2015,144.61,0.610379963
10/24/2015,144.6566667,0.610576937
10/25/2015,144.7033333,0.61077391
10/26/2015,144.75,0.610970884
10/27/2015,143.51,0.605737006
10/28/2015,137.92,0.582142345
10/29/2015,140.36,0.592441267
10/30/2015,140.44,0.592778936
10/31/2015,140.46,0.592863354
11/1/2015,140.48,0.592947771
11/2/2015,140.5,0.593032188
11/3/2015,140.02,0.591006171
11/4/2015,142.55,0.601684971
11/5/2015,141.61,0.597717354
11/6/2015,138.6,0.585012536
11/7/2015,138.3733333,0.584055805
11/8/2015,138.1466667,0.583099075
11/9/2015,137.92,0.582142345
11/10/2015,135.36,0.571336918
11/11/2015,136.09,0.574418153
11/12/2015,134.7,0.568551144
11/13/2015,132.95,0.561164622
11/14/2015,132.5633333,0.559532553
11/15/2015,132.1766667,0.557900483
11/16/2015,131.79,0.556268414
11/17/2015,134.22,0.566525127
11/18/2015,134.79,0.568931023
11/19/2015,136.21,0.574924657
11/20/2015,137.37,0.579820866
11/21/2015,137.7566667,0.581452936
11/22/2015,138.1433333,0.583085005
11/23/2015,138.53,0.584717075
11/24/2015,137.65,0.58100271
11/25/2015,138.37,0.584041736
11/26/2015,138.185,0.583260875
11/27/2015,138,0.582480014
11/28/2015,138.2033333,0.583338258
11/29/2015,138.4066667,0.584196501
11/30/2015,138.61,0.585054745
12/1/2015,139.58,0.589148988
12/2/2015,140.93,0.594847162
12/3/2015,140.1,0.59134384
12/4/2015,138.09,0.582859892
12/5/2015,138.78,0.585772293
12/6/2015,139.47,0.588684693
12/7/2015,140.16,0.591597093
12/8/2015,138.28,0.583661858
12/9/2015,137.38,0.579863075
12/10/2015,137.03,0.578385771
12/11/2015,135.23,0.570788205
12/12/2015,135.2566667,0.570900762
12/13/2015,135.2833333,0.571013318
12/14/2015,135.31,0.571125875
12/15/2015,137.4,0.579947492
12/16/2015,139.12,0.587207388
12/17/2015,139.35,0.588178188
12/18/2015,136.41,0.575768831
12/19/2015,136.2166667,0.574952797
12/20/2015,136.0233333,0.574136762
12/21/2015,135.83,0.573320727
12/22/2015,135.88,0.57353177
12/23/2015,138.3,0.583746275
12/24/2015,138.43,0.584294988
12/25/2015,138.2575,0.583566888
12/26/2015,138.085,0.582838788
12/27/2015,137.9125,0.582110688
12/28/2015,137.74,0.581382588
12/29/2015,138.25,0.583535232
12/30/2015,139.58,0.589148988
12/31/2015,139.07,0.586996345
1/1/2016,138.2025,0.58333474
1/2/2016,137.335,0.579673136
1/3/2016,136.4675,0.576011531
1/4/2016,135.6,0.572349927
1/5/2016,136.76,0.577246136
1/6/2016,134.38,0.567200466
1/7/2016,133.7,0.564330275
1/8/2016,133.18,0.562135422
1/9/2016,132.7233333,0.560207892
1/10/2016,132.2666667,0.558280362
1/11/2016,131.81,0.556352831
1/12/2016,133.65,0.564119231
1/13/2016,133.5,0.563486101
1/14/2016,131.93,0.556859335
1/15/2016,130.01,0.548755266
1/16/2016,130.035,0.548860787
1/17/2016,130.06,0.548966309
1/18/2016,130.085,0.549071831
1/19/2016,130.11,0.549177353
1/20/2016,118.46,0.500004221
1/21/2016,121.3,0.511991491
1/22/2016,124.67,0.526215822
1/23/2016,123.8133333,0.522599943
1/24/2016,122.9566667,0.518984065
1/25/2016,122.1,0.515368186
1/26/2016,122.25,0.516001317
1/27/2016,122.73,0.518027334
1/28/2016,121.26,0.511822656
1/29/2016,123.28,0.520348813
1/30/2016,123.6533333,0.521924604
1/31/2016,124.0266667,0.523500395
2/1/2016,124.4,0.525076187
2/2/2016,123.67,0.521994952
2/3/2016,123.99,0.52334563
2/4/2016,125.08,0.527946378
2/5/2016,127.22,0.536979039
2/6/2016,126.8133333,0.535262552
2/7/2016,126.4066667,0.533546065
2/8/2016,126,0.531829578
2/9/2016,126.12,0.532336083
2/10/2016,125,0.527608708
2/11/2016,118.78,0.501354899
2/12/2016,119.26,0.503380917
2/13/2016,119.9025,0.506092825
2/14/2016,120.545,0.508804734
2/15/2016,121.1875,0.511516643
2/16/2016,121.83,0.514228552
2/17/2016,123.71,0.522163787
2/18/2016,130,0.548713057
2/19/2016,132.36,0.558674309
2/20/2016,132.8533333,0.560756605
2/21/2016,133.3466667,0.562838901
2/22/2016,133.84,0.564921196
2/23/2016,133.14,0.561966588
2/24/2016,131.55,0.555255405
2/25/2016,133.29,0.562599718
2/26/2016,134.51,0.567749179
2/27/2016,133.6733333,0.564217718
2/28/2016,132.8366667,0.560686257
2/29/2016,132,0.557154796
3/1/2016,132.24,0.558167805
3/2/2016,133.7,0.564330275
3/3/2016,137.22,0.579187736
3/4/2016,137.535,0.58051731
3/5/2016,137.45,0.580158536
3/6/2016,137.365,0.579799762
3/7/2016,137.28,0.579440988
3/8/2016,139.71,0.589697701
3/9/2016,139.31,0.588009353
3/10/2016,141.24,0.596155632
3/11/2016,141.73,0.598223858
3/12/2016,141.8233333,0.598617806
3/13/2016,141.9166667,0.599011754
3/14/2016,142.01,0.599405702
3/15/2016,141.74,0.598266067
3/16/2016,142.62,0.601980432
3/17/2016,144.78,0.611097511
3/18/2016,147.4,0.622156189
3/19/2016,147.3666667,0.622015494
3/20/2016,147.3333333,0.621874798
3/21/2016,147.3,0.621734102
3/22/2016,148.06,0.624941963
3/23/2016,148,0.624688711
3/24/2016,144.98,0.611941684
3/25/2016,145.6725,0.614864637
3/26/2016,146.365,0.617787589
3/27/2016,147.0575,0.620710541
3/28/2016,147.75,0.623633493
3/29/2016,147.59,0.622958154
3/30/2016,149.95,0.632919407
3/31/2016,149.79,0.632244068
4/1/2016,150.51,0.635283094
4/2/2016,151.12,0.637857824
4/3/2016,151.73,0.640432555
4/4/2016,152.34,0.643007285
4/5/2016,151.43,0.639166294
4/6/2016,149.9,0.632708363
4/7/2016,149.07,0.629205041
4/8/2016,149.06,0.629162833
4/9/2016,149.46,0.630851181
4/10/2016,149.86,0.632539528
4/11/2016,150.26,0.634227876
4/12/2016,149.61,0.631484311
4/13/2016,150.75,0.636296102
4/14/2016,151.5,0.639461755
4/15/2016,151.04,0.637520155
4/16/2016,151.2766667,0.638519094
4/17/2016,151.5133333,0.639518033
4/18/2016,151.75,0.640516972
4/19/2016,146.47,0.61823078
4/20/2016,144.24,0.608818241
4/21/2016,146.58,0.618695076
4/22/2016,149.44,0.630766763
4/23/2016,149.0133333,0.628965859
4/24/2016,148.5866667,0.627164955
4/25/2016,148.16,0.62536405
4/26/2016,148.65,0.627432276
4/27/2016,149.35,0.630386885
4/28/2016,149.75,0.632075233
4/29/2016,146.49,0.618315198
4/30/2016,146.5133333,0.618413684
5/1/2016,146.5366667,0.618512172
5/2/2016,146.56,0.618610659
5/3/2016,144.65,0.610548797
5/4/2016,143.36,0.605103876
5/5/2016,145.95,0.616035928
5/6/2016,144.86,0.61143518
5/7/2016,145.8066667,0.615430937
5/8/2016,146.7533333,0.619426693
5/9/2016,147.7,0.62342245
5/10/2016,148.24,0.62570172
5/11/2016,149.71,0.631906398
5/12/2016,149.21,0.629795963
5/13/2016,148.79,0.628023198
5/14/2016,148.41,0.626419267
5/15/2016,148.03,0.624815337
5/16/2016,147.65,0.623211406
5/17/2016,149.21,0.629795963
5/18/2016,147.99,0.624646502
5/19/2016,146.48,0.618272989
5/20/2016,145.71,0.615022919
5/21/2016,146.3433333,0.617696137
5/22/2016,146.9766667,0.620369354
5/23/2016,147.61,0.623042572
5/24/2016,146.88,0.619961337
5/25/2016,148.93,0.62861412
5/26/2016,151.55,0.639672798
5/27/2016,152.35,0.643049494
5/28/2016,152.4025,0.64327109
5/29/2016,152.455,0.643492685
5/30/2016,152.5075,0.643714281
5/31/2016,152.56,0.643935877
6/1/2016,153,0.645793059
6/2/2016,152.59,0.644062503
6/3/2016,152.4,0.643260537
6/4/2016,152.63,0.644231337
6/5/2016,152.86,0.645202137
6/6/2016,153.09,0.646172937
6/7/2016,153.31,0.647101529
6/8/2016,153.53,0.64803012
6/9/2016,152.92,0.64545539
6/10/2016,152.79,0.644906677
6/11/2016,152.4033333,0.643274607
6/12/2016,152.0166667,0.641642538
6/13/2016,151.63,0.640010468
6/14/2016,151.28,0.638533163
6/15/2016,151.46,0.63929292
6/16/2016,150.19,0.633932415
6/17/2016,150.96,0.637182485
6/18/2016,151.5066667,0.639489894
6/19/2016,152.0533333,0.641797302
6/20/2016,152.6,0.644104711
6/21/2016,154.16,0.650689268
6/22/2016,153.75,0.648958711
6/23/2016,153.45,0.647692451
6/24/2016,149.97,0.633003824
6/25/2016,148.7066667,0.627671459
6/26/2016,147.4433333,0.622339093
6/27/2016,146.18,0.617006728
6/28/2016,144.78,0.611097511
6/29/2016,146.5,0.618357406
6/30/2016,148.86,0.628318659
7/1/2016,152.19,0.642374155
7/2/2016,151.94,0.641318937
7/3/2016,151.69,0.64026372
7/4/2016,151.44,0.639208503
7/5/2016,151.19,0.638153285
7/6/2016,151.85,0.640939059
7/7/2016,152.75,0.644737842
7/8/2016,154,0.650013929
7/9/2016,154.2,0.650858103
7/10/2016,154.4,0.651702277
7/11/2016,154.6,0.652546451
7/12/2016,156,0.658455668
7/13/2016,157.75,0.66584219
7/14/2016,158.81,0.670316312
7/15/2016,159.9,0.67491706
7/16/2016,159.7,0.674072886
7/17/2016,159.5,0.673228712
7/18/2016,159.3,0.672384538
7/19/2016,161.78,0.682852295
7/20/2016,159.97,0.675212521
7/21/2016,160.75,0.678504799
7/22/2016,160.78,0.678631425
7/23/2016,161.1866667,0.680347912
7/24/2016,161.5933333,0.682064399
7/25/2016,162,0.683780886
7/26/2016,162.65,0.686524451
7/27/2016,162.12,0.684287391
7/28/2016,161.38,0.681163947
7/29/2016,161.36,0.68107953
7/30/2016,161.1233333,0.68008059
7/31/2016,160.8866667,0.679081651
8/1/2016,160.65,0.678082712
8/2/2016,161.27,0.680699651
8/3/2016,160.13,0.67588786
8/4/2016,160.86,0.678969095
8/5/2016,162,0.683780886
8/6/2016,162.2433333,0.684807964
8/7/2016,162.4866667,0.685835043
8/8/2016,162.73,0.686862121
8/9/2016,162.22,0.684709478
8/10/2016,162.19,0.684582851
8/11/2016,162.25,0.684836104
8/12/2016,163.19,0.688803721
8/13/2016,162.9266667,0.687692226
8/14/2016,162.6633333,0.68658073
8/15/2016,162.4,0.685469234
8/16/2016,161.11,0.680024312
8/17/2016,160.97,0.67943339
8/18/2016,160.89,0.679095721
8/19/2016,160.84,0.678884677
8/20/2016,160.56,0.677702834
8/21/2016,160.28,0.67652099
8/22/2016,160,0.675339147
8/23/2016,160.33,0.676732034
8/24/2016,159.89,0.674874851
8/25/2016,159,0.671118277
8/26/2016,158.88,0.670611773
8/27/2016,158.8633333,0.670541425
8/28/2016,158.8466667,0.670471077
8/29/2016,158.83,0.670400729
8/30/2016,159.76,0.674326138
8/31/2016,159.66,0.673904051
9/1/2016,158.32,0.668248086
9/2/2016,159.88,0.674832643
9/3/2016,159.88,0.674832643
9/4/2016,159.88,0.674832643
9/5/2016,159.88,0.674832643
9/6/2016,159.88,0.674832643
9/7/2016,160.19,0.676141112
9/8/2016,160.55,0.677660625
9/9/2016,158.03,0.667024034
9/10/2016,157.1066667,0.663126764
9/11/2016,156.1833333,0.659229494
9/12/2016,155.26,0.655332225
9/13/2016,157.63,0.665335686
9/14/2016,155.7,0.657189407
9/15/2016,154.3,0.65128019
9/16/2016,155.04,0.654403633
9/17/2016,154.9833333,0.654164451
9/18/2016,154.9266667,0.653925268
9/19/2016,154.87,0.653686085
9/20/2016,155.87,0.657906955
9/21/2016,154.91,0.65385492
9/22/2016,156.15,0.659088799
9/23/2016,155.62,0.656851738
9/24/2016,155.2333333,0.655219668
9/25/2016,154.8466667,0.653587599
9/26/2016,154.46,0.651955529
9/27/2016,154.32,0.651364607
9/28/2016,156.99,0.662634329
9/29/2016,158.63,0.669556555
9/30/2016,158.9,0.67069619
10/1/2016,158.62,0.669514347
10/2/2016,158.34,0.668332503
10/3/2016,158.06,0.66715066
10/4/2016,157.67,0.665504521
10/5/2016,157.07,0.662971999
10/6/2016,156.84,0.662001199
10/7/2016,157.14,0.66326746
10/8/2016,156.9966667,0.662662468
10/9/2016,156.8533333,0.662057477
10/10/2016,156.71,0.661452486
10/11/2016,156.73,0.661536903
10/12/2016,154.97,0.654108172
10/13/2016,153.7,0.648747668
10/14/2016,154.47,0.651997738
10/15/2016,154.4633333,0.651969598
10/16/2016,154.4566667,0.651941459
10/17/2016,154.45,0.65191332
10/18/2016,150.02,0.633214868
10/19/2016,151.27,0.638490955
10/20/2016,151.28,0.638533163
10/21/2016,150.58,0.635578555
10/22/2016,150.52,0.635325302
10/23/2016,150.46,0.63507205
10/24/2016,150.4,0.634818798
10/25/2016,150.69,0.63604285
10/26/2016,150.71,0.636127268
10/27/2016,152.82,0.645033303
10/28/2016,154.05,0.650224972
10/29/2016,153.62,0.648409998
10/30/2016,153.19,0.646595024
10/31/2016,152.76,0.64478005
11/1/2016,153.5,0.647903494
11/2/2016,152.48,0.643598207
11/3/2016,152.51,0.643724833
11/4/2016,152.4,0.643260537
11/5/2016,152.93,0.645497598
11/6/2016,153.46,0.647734659
11/7/2016,153.99,0.64997172
11/8/2016,154.56,0.652377616
11/9/2016,152.96,0.645624224
11/10/2016,157.66,0.665462312
11/11/2016,159.97,0.675212521
11/12/2016,160.3966667,0.677013425
11/13/2016,160.8233333,0.678814329
11/14/2016,161.25,0.680615234
11/15/2016,158.42,0.668670173
11/16/2016,158.46,0.668839008
11/17/2016,159.22,0.672046869
11/18/2016,159.8,0.674494973
11/19/2016,160.0966667,0.675747164
11/20/2016,160.3933333,0.676999355
11/21/2016,160.69,0.678251547
11/22/2016,163,0.688001756
11/23/2016,161.94,0.683527634
11/24/2016,161.885,0.683295486
11/25/2016,161.83,0.683063338
11/26/2016,162.2866667,0.684990869
11/27/2016,162.7433333,0.686918399
11/28/2016,163.2,0.68884593
11/29/2016,164,0.692222626
11/30/2016,163.35,0.68947906
12/1/2016,161.95,0.683569843
12/2/2016,159,0.671118277
12/3/2016,159.6166667,0.673721147
12/4/2016,160.2333333,0.676324016
12/5/2016,160.85,0.678926886
12/6/2016,160.13,0.67588786
12/7/2016,160.6,0.677871669
12/8/2016,164.87,0.695894782
12/9/2016,165.18,0.697203252
12/10/2016,165.6933333,0.699369965
12/11/2016,166.2066667,0.701536678
12/12/2016,166.72,0.703703391
12/13/2016,165.68,0.699313687
12/14/2016,168.37,0.710667826
12/15/2016,168.01,0.709148313
12/16/2016,168.97,0.713200348
12/17/2016,168.2566667,0.710189461
12/18/2016,167.5433333,0.707178574
12/19/2016,166.83,0.704167687
12/20/2016,167.49,0.706953461
12/21/2016,166.25,0.701719582
12/22/2016,167.36,0.706404748
12/23/2016,167,0.704885235
12/24/2016,166.995,0.70486413
12/25/2016,166.99,0.704843026
12/26/2016,166.985,0.704821922
12/27/2016,166.98,0.704800817
12/28/2016,167.29,0.706109287
12/29/2016,166.02,0.700748782
12/30/2016,166.44,0.702521548
12/31/2016,166.58,0.703112469
1/1/2017,166.72,0.703703391
1/2/2017,166.86,0.704294313
1/3/2017,167,0.704885235
1/4/2017,167.77,0.708135304
1/5/2017,169.25,0.714382191
1/6/2017,168.69,0.712018504
1/7/2017,168.95,0.71311593
1/8/2017,169.21,0.714213357
1/9/2017,169.47,0.715310783
1/10/2017,167.98,0.709021687
1/11/2017,166.05,0.700875408
1/12/2017,167.77,0.708135304
1/13/2017,167.97,0.708979478
1/14/2017,167.65,0.7076288
1/15/2017,167.33,0.706278122
1/16/2017,167.01,0.704927443
1/17/2017,166.69,0.703576765
1/18/2017,167.45,0.706784626
1/19/2017,166.96,0.7047164
1/20/2017,167.81,0.708304139
1/21/2017,168.5666667,0.711497931
1/22/2017,169.3233333,0.714691722
1/23/2017,170.08,0.717885513
1/24/2017,171.36,0.723288226
1/25/2017,176.26,0.743970488
1/26/2017,178.06,0.751568053
1/27/2017,178.47,0.75329861
1/28/2017,177.9733333,0.751202244
1/29/2017,177.4766667,0.749105879
1/30/2017,176.98,0.747009514
1/31/2017,175.05,0.738863235
2/1/2017,175,0.738652192
2/2/2017,174.23,0.735402122
2/3/2017,175,0.738652192
2/4/2017,175.1033333,0.739088348
2/5/2017,175.2066667,0.739524505
2/6/2017,175.31,0.739960661
2/7/2017,176,0.742873062
2/8/2017,177.5,0.749204366
2/9/2017,176.17,0.743590609
2/10/2017,177.37,0.748655653
2/11/2017,177.9933333,0.751286662
2/12/2017,178.6166667,0.753917671
2/13/2017,179.24,0.756548679
2/14/2017,178.57,0.753720697
2/15/2017,180.2,0.760600714
2/16/2017,181.45,0.765876801
2/17/2017,181.25,0.765032627
2/18/2017,181.0875,0.764346736
2/19/2017,180.925,0.763660845
2/20/2017,180.7625,0.762974953
2/21/2017,180.6,0.762289062
2/22/2017,180.09,0.760136419
2/23/2017,182,0.76819828
2/24/2017,180.21,0.760642923
2/25/2017,180.5366667,0.76202174
2/26/2017,180.8633333,0.763400558
2/27/2017,181.19,0.764779375
2/28/2017,179.38,0.757139601
3/1/2017,180.48,0.761782558
3/2/2017,181.88,0.767691775
3/3/2017,180.04,0.759925375
3/4/2017,179.9333333,0.759475149
3/5/2017,179.8266667,0.759024923
3/6/2017,179.72,0.758574697
3/7/2017,180.71,0.762753358
3/8/2017,180.75,0.762922192
3/9/2017,179.15,0.756168801
3/10/2017,178.21,0.752201184
3/11/2017,178.09,0.751694679
3/12/2017,177.97,0.751188175
3/13/2017,177.85,0.75068167
3/14/2017,176.18,0.743632818
3/15/2017,175.71,0.741649009
3/16/2017,178.46,0.753256401
3/17/2017,176.29,0.744097114
3/18/2017,176.0766667,0.743196662
3/19/2017,175.8633333,0.742296209
3/20/2017,175.65,0.741395757
3/21/2017,176.01,0.74291527
3/22/2017,174.04,0.734600157
3/23/2017,174.43,0.736246296
3/24/2017,175.12,0.739158696
3/25/2017,174.31,0.735739792
3/26/2017,173.5,0.732320887
3/27/2017,172.69,0.728901983
3/28/2017,173.94,0.73417807
3/29/2017,174.3,0.735697583
3/30/2017,173.86,0.7338404
3/31/2017,173.98,0.734346905
4/1/2017,173.9266667,0.734121792
4/2/2017,173.8733333,0.733896679
4/3/2017,173.82,0.733671566
4/4/2017,173.52,0.732405305
4/5/2017,174.7,0.737385931
4/6/2017,173.47,0.732194261
4/7/2017,172.08,0.726327252
4/8/2017,172.23,0.726960383
4/9/2017,172.38,0.727593513
4/10/2017,172.53,0.728226644
4/11/2017,170.65,0.720291409
4/12/2017,171.04,0.721937548
4/13/2017,169.92,0.717210174
4/14/2017,169.8775,0.717030787
4/15/2017,169.835,0.7168514
4/16/2017,169.7925,0.716672013
4/17/2017,169.75,0.716492626
4/18/2017,170.79,0.720882331
4/19/2017,161.76,0.682767877
4/20/2017,161.32,0.680910695
4/21/2017,162.05,0.68399193
4/22/2017,161.7966667,0.682922643
4/23/2017,161.5433333,0.681853356
4/24/2017,161.29,0.680784069
4/25/2017,161.78,0.682852295
4/26/2017,160.53,0.677576208
4/27/2017,160.29,0.676563199
4/28/2017,160.5,0.677449582
4/29/2017,160.35,0.676816451
4/30/2017,160.2,0.676183321
5/1/2017,160.05,0.67555019
5/2/2017,159.44,0.67297546
5/3/2017,158.74,0.670020851
5/4/2017,158.89,0.670653982
5/5/2017,153.52,0.647987911
5/6/2017,153.28,0.646974903
5/7/2017,153.04,0.645961894
5/8/2017,152.8,0.644948885
5/9/2017,152.6,0.644104711
5/10/2017,151.651,0.640099106
5/11/2017,151.05,0.637562363
5/12/2017,150.3,0.634396711
5/13/2017,150.4066667,0.634846937
5/14/2017,150.5133333,0.635297163
5/15/2017,150.62,0.635747389
5/16/2017,151.66,0.640137094
5/17/2017,153.3,0.64705932
5/18/2017,150.86,0.636760398
5/19/2017,151.01,0.637393529
5/20/2017,151.3733333,0.638927111
5/21/2017,151.7366667,0.640460694
5/22/2017,152.1,0.641994277
5/23/2017,152.57,0.643978085
5/24/2017,152.21,0.642458572
5/25/2017,153.25,0.646848277
5/26/2017,152.85,0.645159929
5/27/2017,152.625,0.644210233
5/28/2017,152.4,0.643260537
5/29/2017,152.175,0.642310842
5/30/2017,151.95,0.641361146
5/31/2017,152.03,0.641698816
6/1/2017,152.8,0.644948885
6/2/2017,153.07,0.64608852
6/3/2017,152.6533333,0.644329824
6/4/2017,152.2366667,0.642571129
6/5/2017,151.82,0.640812433
6/6/2017,152,0.64157219
6/7/2017,153.05,0.646004103
6/8/2017,151,0.63735132
6/9/2017,152,0.64157219
6/10/2017,152.73,0.644653424
6/11/2017,153.46,0.647734659
6/12/2017,154.19,0.650815894
6/13/2017,155.44,0.656091981
6/14/2017,153.97,0.649887303
6/15/2017,153.29,0.647017111
6/16/2017,154.23,0.650984729
6/17/2017,154.6566667,0.652785633
6/18/2017,155.0833333,0.654586538
6/19/2017,155.51,0.656387442
6/20/2017,154.48,0.652039946
6/21/2017,155.79,0.657569286
6/22/2017,154.55,0.652335407
6/23/2017,154.34,0.651449025
6/24/2017,154.4633333,0.651969598
6/25/2017,154.5866667,0.652490173
6/26/2017,154.71,0.653010746
6/27/2017,155,0.654234799
6/28/2017,155.15,0.654867929
6/29/2017,155.35,0.655712103
6/30/2017,154.28,0.651195772
7/1/2017,154.0466667,0.650210903
7/2/2017,153.8133333,0.649226033
7/3/2017,153.58,0.648241164
7/4/2017,154.675,0.652863016
7/5/2017,155.77,0.657484868
7/6/2017,153.36,0.647312572
7/7/2017,152.62,0.644189129
7/8/2017,152.7166667,0.644597146
7/9/2017,152.8133333,0.645005163
7/10/2017,152.91,0.645413181
7/11/2017,153.26,0.646890485
7/12/2017,153.48,0.647819077
7/13/2017,153.7,0.648747668
7/14/2017,154.01,0.650056138
7/15/2017,153.87,0.649465216
7/16/2017,153.73,0.648874294
7/17/2017,153.59,0.648283372
7/18/2017,152.36,0.643091703
7/19/2017,150.02,0.633214868
7/20/2017,147.53,0.622704902
7/21/2017,147.59,0.622958154
7/22/2017,147.3933333,0.62212805
7/23/2017,147.1966667,0.621297946
7/24/2017,147,0.620467841
7/25/2017,146.57,0.618652867
7/26/2017,146.27,0.617386606
7/27/2017,145,0.612026102
7/28/2017,144.81,0.611224137
7/29/2017,144.6666667,0.610619145
7/30/2017,144.5233333,0.610014154
7/31/2017,144.38,0.609409163
8/1/2017,145,0.612026102
8/2/2017,145.12,0.612532606
8/3/2017,144.43,0.609620206
8/4/2017,145,0.612026102
8/5/2017,145,0.612026102
8/6/2017,145,0.612026102
8/7/2017,145,0.612026102
8/8/2017,142,0.599363493
8/9/2017,141.75,0.598308275
8/10/2017,141.64,0.59784398
8/11/2017,142.45,0.601262884
8/12/2017,142.3,0.600629754
8/13/2017,142.15,0.599996623
8/14/2017,142,0.599363493
8/15/2017,142.55,0.601684971
8/16/2017,141.79,0.59847711
8/17/2017,142.52,0.601558345
8/18/2017,140.87,0.59459391
8/19/2017,140.4433333,0.592793006
8/20/2017,140.0166667,0.590992101
8/21/2017,139.59,0.589191197
8/22/2017,140.64,0.59362311
8/23/2017,140.7,0.593876362
8/24/2017,142.5,0.601473928
8/25/2017,143.3,0.604850623
8/26/2017,143.57,0.605990258
8/27/2017,143.84,0.607129893
8/28/2017,144.11,0.608269528
8/29/2017,142.1,0.59978558
8/30/2017,143.26,0.604681789
8/31/2017,143.02,0.60366878
9/1/2017,142.98,0.603499945
9/2/2017,143.11,0.604048658
9/3/2017,143.24,0.604597371
9/4/2017,143.37,0.605146084
9/5/2017,143.5,0.605694797
9/6/2017,143.88,0.607298728
9/7/2017,144.1,0.608227319
9/8/2017,143.15,0.604217493
9/9/2017,143.28,0.604766206
9/10/2017,143.41,0.605314919
9/11/2017,143.54,0.605863632
9/12/2017,145.11,0.612490398
9/13/2017,145.35,0.613503406
9/14/2017,145.86,0.61565605
9/15/2017,144.82,0.611266345
9/16/2017,144.8166667,0.611252276
9/17/2017,144.8133333,0.611238206
9/18/2017,144.81,0.611224137
9/19/2017,144.79,0.611139719
9/20/2017,144.93,0.611730641
9/21/2017,145.65,0.614769667
9/22/2017,145.59,0.614516415
9/23/2017,145.4333333,0.613855145
9/24/2017,145.2766667,0.613193876
9/25/2017,145.12,0.612532606
9/26/2017,146.36,0.617766485
9/27/2017,146.68,0.619117163
9/28/2017,145.33,0.613418989
9/29/2017,145.45,0.613925493
9/30/2017,145.4166667,0.613784798
10/1/2017,145.3833333,0.613644102
10/2/2017,145.35,0.613503406
10/3/2017,146.69,0.619159372
10/4/2017,147,0.620467841
10/5/2017,146.68,0.619117163
10/6/2017,146.64,0.618948328
10/7/2017,146.5933333,0.618751354
10/8/2017,146.5466667,0.61855438
10/9/2017,146.5,0.618357406
10/10/2017,147.71,0.623464659
10/11/2017,148.4,0.626377059
10/12/2017,147.56,0.622831528
10/13/2017,147.48,0.622493859
10/14/2017,147.3933333,0.62212805
10/15/2017,147.3066667,0.621762241
10/16/2017,147.22,0.621396433
10/17/2017,146.63,0.618906119
10/18/2017,157.12,0.663183042
10/19/2017,159.8,0.674494973
10/20/2017,161.07,0.679855477
10/21/2017,161.3966667,0.681234295
10/22/2017,161.7233333,0.682613112
10/23/2017,162.05,0.68399193
10/24/2017,159.65,0.673861842
10/25/2017,156.01,0.658497877
10/26/2017,154.31,0.651322398
10/27/2017,154.54,0.652293198
10/28/2017,154.28,0.651195772
10/29/2017,154.02,0.650098346
10/30/2017,153.76,0.64900092
10/31/2017,154.33,0.651406816
11/1/2017,154.1,0.650436016
11/2/2017,154.18,0.650773685
11/3/2017,153.42,0.647565824
11/4/2017,152.87,0.645244346
11/5/2017,152.32,0.642922868
11/6/2017,151.77,0.64060139
11/7/2017,151.37,0.638913042
11/8/2017,151.6,0.639883842
11/9/2017,149.93,0.632834989
11/10/2017,150.65,0.635874015
11/11/2017,150.06,0.633383702
11/12/2017,149.47,0.630893389
11/13/2017,148.88,0.628403076
11/14/2017,147.95,0.624477667
11/15/2017,148,0.624688711
11/16/2017,147.73,0.623549076
11/17/2017,149.34,0.630344676
11/18/2017,149.7733333,0.63217372
11/19/2017,150.2066667,0.634002763
11/20/2017,150.64,0.635831807
11/21/2017,151.3,0.638617581
11/22/2017,152,0.64157219
11/23/2017,151.975,0.641466668
11/24/2017,151.95,0.641361146
11/25/2017,151.9866667,0.641515911
11/26/2017,152.0233333,0.641670676
11/27/2017,152.06,0.641825442
11/28/2017,152.35,0.643049494
11/29/2017,152.81,0.644991094
11/30/2017,153.65,0.648536624
12/1/2017,154.4,0.651702277
12/2/2017,154.8233333,0.653489111
12/3/2017,155.2466667,0.655275947
12/4/2017,155.67,0.657062781
12/5/2017,156.45,0.66035506
12/6/2017,155.69,0.657147199
12/7/2017,154.03,0.650140555
12/8/2017,153.94,0.649760677
12/9/2017,154.2833333,0.651209842
12/10/2017,154.6266667,0.652659007
12/11/2017,154.97,0.654108172
12/12/2017,155.2,0.655078972
12/13/2017,156.6,0.66098819
12/14/2017,154.5,0.652124364
12/15/2017,153.75,0.648958711
12/16/2017,153.6366667,0.648480346
12/17/2017,153.5233333,0.648001981
12/18/2017,153.41,0.647523616
12/19/2017,154.135,0.650583746
12/20/2017,153.65,0.648536624
12/21/2017,153.17,0.646510607
12/22/2017,151.71,0.640348137
12/23/2017,151.91,0.641192311
12/24/2017,152.11,0.642036485
12/25/2017,152.31,0.642880659
12/26/2017,152.51,0.643724833
12/27/2017,152.95,0.645582016
12/28/2017,153.2,0.646637233
12/29/2017,154.17,0.650731477
12/30/2017,154.2525,0.651079698
12/31/2017,154.335,0.65142792
1/1/2018,154.4175,0.651776142
1/2/2018,154.5,0.652124364
1/3/2018,157.34,0.664111634
1/4/2018,159.65,0.673861842
1/5/2018,162.44,0.685638069
1/6/2018,162.5133333,0.685947599
1/7/2018,162.5866667,0.68625713
1/8/2018,162.66,0.68656666
1/9/2018,163.9,0.691800539
1/10/2018,162.91,0.687621878
1/11/2018,164.8,0.695599321
1/12/2018,164.02,0.692307043
1/13/2018,164.29,0.693446678
1/14/2018,164.56,0.694586313
1/15/2018,164.83,0.695725947
1/16/2018,165.1,0.696865582
1/17/2018,168.01,0.709148313
1/18/2018,170,0.717547844
1/19/2018,164.46,0.694164226
1/20/2018,163.4766667,0.690013704
1/21/2018,162.4933333,0.685863182
1/22/2018,161.51,0.68171266
1/23/2018,162.82,0.687241999
1/24/2018,166.75,0.703830017
1/25/2018,165.91,0.700284487
1/26/2018,166.12,0.701170869
1/27/2018,166.5633333,0.703042121
1/28/2018,167.0066667,0.704913374
1/29/2018,167.45,0.706784626
1/30/2018,166.21,0.701550748
1/31/2018,163.75,0.691167408
2/1/2018,163.19,0.688803721
2/2/2018,161.7,0.682514625
2/3/2018,160.43,0.677154121
2/4/2018,159.16,0.671793616
2/5/2018,157.89,0.666433112
2/6/2018,150.29,0.634354502
2/7/2018,154.17,0.650731477
